patch,subject,category,port_result,mac80211_patches,mt76_patches,evidence,kernel_notes,upstream_overlap,merge_standalone,merge_cumulative_nofix,files
0001,"Revert ""MLD: Pass SSID when doing multi-link probe check"" ",REVERT,excluded by design (REVERT),,,,,reverts an upstream commit that main (and later fixes) build on; do not take,clean,ok,events.c
0002,"Revert ""VLAN: Group state machine data creation for partner AP MLD links"" ",REVERT,excluded by design (REVERT),,,,,reverts an upstream commit that main (and later fixes) build on; do not take,clean,ok,sta_info.c wpa_auth.c wpa_auth.h
0003,"Revert ""BSS: MLD: Add verification for the pairwise cipher"" ",REVERT,excluded by design (REVERT),,,,,reverts an upstream commit that main (and later fixes) build on; do not take,conflict,conflict,bss.c
0004,"Revert ""BSS: Verify the ML common info for links"" ",REVERT,excluded by design (REVERT),,,,,reverts an upstream commit that main (and later fixes) build on; do not take,conflict,conflict,bss.c bss.h ieee802_11_defs.h
0005,"Revert ""BSS: Parse ML information when updating the BSS"" ",REVERT,excluded by design (REVERT),,,,,reverts an upstream commit that main (and later fixes) build on; do not take,conflict,conflict,bss.c bss.h events.c sme.c test-bss.c
0006,"Revert ""AP: wpa_auth: Use new key IDs in wpa_group_ensure_init()"" ",REVERT,excluded by design (REVERT),,,,,reverts an upstream commit that main (and later fixes) build on; do not take,clean,ok,wpa_auth.c
0007,"Revert ""AP MLD: Add MLO Link KDE for each affiliated link in EAPOL-Key 3/4"" ",REVERT,excluded by design (REVERT),,,,,reverts an upstream commit that main (and later fixes) build on; do not take,clean,ok,wpa_auth.c
0008,"Revert ""BSS: Validate partner link BSSs while parsing Basic MLE"" ",REVERT,excluded by design (REVERT),,,,,reverts an upstream commit that main (and later fixes) build on; do not take,conflict,conflict,bss.c events.c wnm_sta.c wpa_supplicant_i.h
0009,sync 2025-11-06 openwrt src folder ,OPENWRT-GLUE,excluded by design (OPENWRT-GLUE),,,,,,clean,ok,build_features.h radius.c ubus.c ubus.h ucode.c ucode.h
0010,sync 2025-11-06 openwrt patches folder ,OPENWRT-GLUE,excluded by design (OPENWRT-GLUE),,,,,,conflict,conflict,Makefile acs.c acs.h airtime_policy.c ap.c ap_config.c ap_config.h ap_drv_ops.c
0011,hostapd: afcd: add AFC daemon support ,AFC-UPSTREAMED,excluded by design (AFC-UPSTREAMED),,,,,"superseded: main has upstream AFC (daemon, client, TPE, JSON double, ctrl cmds, hwsim tests) by the same contributors",conflict,conflict,.gitignore Makefile afc-reply.txt afcd.c
0012,"hostapd: Update hostapd_is_usable_chans for {160,320}MHz chan width ",AFC-UPSTREAMED,excluded by design (AFC-UPSTREAMED),,,,,"superseded: main has upstream AFC (daemon, client, TPE, JSON double, ctrl cmds, hwsim tests) by the same contributors",conflict,conflict,hw_features.c hw_features.h
0013,hostapd: ap: Add AFC client support ,AFC-UPSTREAMED,excluded by design (AFC-UPSTREAMED),,,,,"superseded: main has upstream AFC (daemon, client, TPE, JSON double, ctrl cmds, hwsim tests) by the same contributors",conflict,conflict,Makefile afc.c ap_config.c ap_config.h config_file.c defconfig hostapd.c hostapd.conf
0014,hostapd: Update TPE IE according to AFC ,AFC-UPSTREAMED,excluded by design (AFC-UPSTREAMED),,,,,"superseded: main has upstream AFC (daemon, client, TPE, JSON double, ctrl cmds, hwsim tests) by the same contributors",conflict,conflict,afc.c hostapd.h ieee802_11.c
0015,mtk: sync nl80211.h ,NL80211-HEADER,excluded by design (NL80211-HEADER),,,,,replaces nl80211_copy.h with the MTK kernel's header; main's header is newer and numerically incompatible (see report),conflict,conflict,nl80211_copy.h
0016,mtk: hostapd: Add neighbor report and BSS Termination for MBO certification ,USERSPACE-ONLY,not ported: merge conflict (src/ap/ap_config.c src/ap/gas_serv.c src/ap/wnm_ap.c),,,,,,conflict,conflict,ap_config.c ap_config.h ctrl_iface.c ctrl_iface_ap.c gas_serv.c gas_serv.h neighbor_db.c neighbor_db.h
0017,mtk: hostapd: add support for runtime set in-band discovery ,USERSPACE-ONLY,not ported: merge conflict (hostapd/hostapd_cli.c),,,,,,conflict,conflict,beacon.c ctrl_iface.c driver_nl80211.c hostapd_cli.c
0018,mtk: hostapd: Add mtk_vendor.h ,KERNEL-DIRECT,"ported (clean cherry-pick, builds)",,"0053,0099",direct,MTK vendor cmd (OUI 0x0ce7); needs mt76 mt7996 vendor.c,,clean,ok,mtk_vendor.h
0019,mtk: hostapd: Support EDCCA hostapd configuration ,KERNEL-DIRECT,not ported: merge conflict (hostapd/config_file.c hostapd/ctrl_iface.c src/drivers/driver.h src/drivers/driver_nl80211.c),,0053,direct,MTK vendor cmd (OUI 0x0ce7); needs mt76 mt7996 vendor.c,,conflict,conflict,ap_config.c ap_config.h ap_drv_ops.c ap_drv_ops.h config_file.c ctrl_iface.c driver.h driver_nl80211.c
0020,mtk: hostapd: Add hostapd MU SET/GET control ,KERNEL-DIRECT,not ported: merge conflict (hostapd/ctrl_iface.c src/ap/ap_drv_ops.c src/ap/ap_drv_ops.h src/ap/hostapd.c src/drivers/driver.h src/drivers/driver_nl80211.h src/drivers/driver_nl80211_capa.c),,"0053,0099",direct,MTK vendor cmd (OUI 0x0ce7); needs mt76 mt7996 vendor.c,,conflict,conflict,ap_config.c ap_config.h ap_drv_ops.c ap_drv_ops.h config_file.c ctrl_iface.c driver.h driver_nl80211.c
0021,mtk: hostapd: Add three wire PTA ctrl hostapd vendor command ,KERNEL-DIRECT,not ported: merge conflict (hostapd/config_file.c hostapd/ctrl_iface.c hostapd/hostapd_cli.c src/ap/ap_config.c src/ap/ap_config.h src/ap/ap_drv_ops.c src/ap/ap_drv_ops.h src/ap/hostapd.c src/drivers/driver.h src/drivers/driver_nl80211.c src/drivers/driver_nl80211.h src/drivers/driver_nl80211_capa.c),,0053,direct,MTK vendor cmd (OUI 0x0ce7); needs mt76 mt7996 vendor.c,,conflict,conflict,ap_config.c ap_config.h ap_drv_ops.c ap_drv_ops.h config_file.c ctrl_iface.c driver.h driver_nl80211.c
0022,mtk: hostapd: Add hostapd iBF control ,KERNEL-DIRECT,not ported: merge conflict (hostapd/config_file.c hostapd/ctrl_iface.c hostapd/hostapd_cli.c src/ap/ap_config.c src/ap/ap_config.h src/ap/ap_drv_ops.c src/ap/ap_drv_ops.h src/ap/hostapd.c src/common/mtk_vendor.h src/drivers/driver.h src/drivers/driver_nl80211.c src/drivers/driver_nl80211.h src/drivers/driver_nl80211_capa.c),,0053,direct,MTK vendor cmd (OUI 0x0ce7); needs mt76 mt7996 vendor.c,,conflict,conflict,ap_config.c ap_config.h ap_drv_ops.c ap_drv_ops.h config_file.c ctrl_iface.c driver.h driver_nl80211.c
0023,mtk: hostapd: Do not include HE capab IE if associated sta's HE capab IE is invalid ,USERSPACE-ONLY,"ported (clean cherry-pick, builds)",,,,,,clean,ok,ieee802_11.c
0024,mtk: hostapd: Add DFS detection mode ,KERNEL-FEATURE,not ported: merge conflict (hostapd/config_file.c hostapd/ctrl_iface.c src/ap/ap_config.h),0013,0053,probable,DFS_DETECT_MODE vendor (mt76 vendor.c),,conflict,conflict,ap_config.h config_file.c ctrl_iface.c dfs.c
0025,mtk: hostapd: Add amsdu set get ctrl ,KERNEL-DIRECT,not ported: merge conflict (hostapd/config_file.c hostapd/ctrl_iface.c hostapd/hostapd_cli.c src/ap/ap_config.c src/ap/ap_config.h src/ap/ap_drv_ops.c src/ap/ap_drv_ops.h src/ap/hostapd.c src/drivers/driver.h src/drivers/driver_nl80211.c src/drivers/driver_nl80211.h src/drivers/driver_nl80211_capa.c),,0053,direct,MTK vendor cmd (OUI 0x0ce7); needs mt76 mt7996 vendor.c,,conflict,conflict,ap_config.c ap_config.h ap_drv_ops.c ap_drv_ops.h config_file.c ctrl_iface.c driver.h driver_nl80211.c
0026,mtk: hostapd: Add he_ldpc configuration ,USERSPACE-ONLY,"ported (clean cherry-pick, builds)",,,,,,clean,ok,ap_config.c ap_config.h config_file.c hostapd.conf ieee802_11_defs.h ieee802_11_he.c
0027,mtk: hostapd: Fix sending wrong VHT operation IE in CSA while using ZWDFS ,USERSPACE-ONLY,"ported (clean cherry-pick, builds)",,,,,,clean,ok,dfs.c
0028,mtk: hostapd: Add sta-assisted DFS state update mechanism ,KERNEL-DIRECT,not ported: merge conflict (src/ap/drv_callbacks.c src/drivers/driver.h),"0023,0030",,direct,nl80211 RADAR_STA_CAC_* / RADAR_BACKGROUND_CHAN_* event values,,conflict,conflict,dfs.c dfs.h driver.h driver_nl80211_event.c drv_callbacks.c wpa_ctrl.h
0029,mtk: hostapd: Mark DFS channel as available for CSA. ,KERNEL-FEATURE,dropped: broke aarch64 build (depends on a patch that did not port),0024,,probable,,,clean,ok,ctrl_iface.c ctrl_iface_ap.c hostapd_cli.c
0030,mtk: hostapd: Add available color bitmap ,KERNEL-DIRECT,not ported: merge conflict (hostapd/ctrl_iface.c src/ap/ap_drv_ops.c src/ap/ap_drv_ops.h src/common/mtk_vendor.h src/drivers/driver.h src/drivers/driver_nl80211.c src/drivers/driver_nl80211.h src/drivers/driver_nl80211_capa.c),,0053,direct,MTK vendor cmd (OUI 0x0ce7); needs mt76 mt7996 vendor.c,,conflict,conflict,ap_drv_ops.c ap_drv_ops.h ctrl_iface.c driver.h driver_nl80211.c driver_nl80211.h driver_nl80211_capa.c hostapd_cli.c
0031,mtk: hostapd: Fix ZWDFS issue in BW 160 ,KERNEL-FEATURE,"ported (clean cherry-pick, builds)","0025,0026,0030","0019,0053,0056,0103",probable,background radar / ZWDFS (vendor BACKGROUND_RADAR_CTRL),,clean,ok,dfs.c
0032,mtk: hostapd: Add vendor for CAPI certification commands ,KERNEL-DIRECT,not ported: merge conflict (hostapd/ctrl_iface.c src/ap/ap_drv_ops.c src/ap/ap_drv_ops.h src/common/mtk_vendor.h src/drivers/driver.h src/drivers/driver_nl80211.c),,0053,direct,MTK vendor cmd (OUI 0x0ce7); needs mt76 mt7996 vendor.c,,conflict,conflict,ap_drv_ops.c ap_drv_ops.h ctrl_iface.c driver.h driver_nl80211.c mtk_vendor.h
0033,mtk: hostapd: Air Monitor support in hostapd by vendor ,KERNEL-DIRECT,not ported: merge conflict (hostapd/ctrl_iface.c hostapd/hostapd_cli.c src/ap/ap_drv_ops.c src/drivers/driver.h src/drivers/driver_nl80211.c src/drivers/driver_nl80211.h src/drivers/driver_nl80211_capa.c),,0053,direct,MTK vendor cmd (OUI 0x0ce7); needs mt76 mt7996 vendor.c,,conflict,conflict,ap_drv_ops.c ap_drv_ops.h ctrl_iface.c driver.h driver_nl80211.c driver_nl80211.h driver_nl80211_capa.c hostapd_cli.c
0034,mtk: hostapd: Add muru user number debug command ,KERNEL-DIRECT,not ported: merge conflict (hostapd/ctrl_iface.c src/ap/ap_drv_ops.c src/ap/ap_drv_ops.h src/ap/hostapd.c src/common/mtk_vendor.h src/drivers/driver.h src/drivers/driver_nl80211.c),,"0053,0099",direct,MTK vendor cmd (OUI 0x0ce7); needs mt76 mt7996 vendor.c,,conflict,conflict,ap_drv_ops.c ap_drv_ops.h ctrl_iface.c driver.h driver_nl80211.c hostapd.c mtk_vendor.h
0035,mtk: hostapd: add connac3 PHY MURU manual mode config support ,KERNEL-DIRECT,not ported: merge conflict (hostapd/ctrl_iface.c src/ap/ap_config.h src/ap/ap_drv_ops.c src/ap/ap_drv_ops.h src/ap/hostapd.c src/common/mtk_vendor.h src/drivers/driver.h src/drivers/driver_nl80211.c),,0053,direct,MTK vendor cmd (OUI 0x0ce7); needs mt76 mt7996 vendor.c,,conflict,conflict,ap_config.h ap_drv_ops.c ap_drv_ops.h ctrl_iface.c driver.h driver_nl80211.c hostapd.c mtk_vendor.h
0036,mtk: hostapd: Add HE capabilities check ,USERSPACE-ONLY,"ported (clean cherry-pick, builds)",,,,,,clean,ok,hw_features.c
0037,mtk: hostapd: Fix background channel overlapping operating channel issue ,KERNEL-FEATURE,"ported (clean cherry-pick, builds)","0025,0026,0030","0019,0053,0056,0103",probable,background radar / ZWDFS (vendor BACKGROUND_RADAR_CTRL),,clean,ok,dfs.c
0038,mtk: hostapd: Fix hostapd_dfs_start_cac log ,USERSPACE-ONLY,not ported: merge conflict (src/ap/dfs.c),,,,,,conflict,conflict,dfs.c
0039,mtk: hostapd: Check the bridge after ioctl SIOCBRADDIF failed ,USERSPACE-ONLY,"ported (clean cherry-pick, builds)",,,,,,clean,ok,linux_ioctl.c
0040,mtk: hostapd: Update parameter_set_count in MU EDCA IE ,USERSPACE-ONLY,"ported (clean cherry-pick, builds)",,,,,,clean,ok,ieee802_11_he.c
0041,mtk: hostapd: add extension IE list for non-inherit IE in mbssid ,USERSPACE-ONLY,"ported (clean cherry-pick, builds)",,,,,,clean,ok,
0042,mtk: hostapd: add back ht vht cap missing field before dfs channel fallback ,USERSPACE-ONLY,"ported (clean cherry-pick, builds)",,,,,,clean,ok,hostapd.c
0043,mtk: hostapd: Add support for gtk rekeying in hostapd cli ,USERSPACE-ONLY,"ported (clean cherry-pick, builds)",,,,,,clean,ok,hostapd_cli.c
0044,mtk: hostapd: Set WMM and TX queue parameters for wpa_supplicant ,USERSPACE-ONLY,"ported (clean cherry-pick, builds)",,,,,,clean,ok,config.c
0045,mtk: hostapd: Set STA TX queue parameters configuration after association ,USERSPACE-ONLY,not ported: merge conflict (wpa_supplicant/events.c),,,,,,conflict,conflict,driver_i.h events.c
0046,mtk: hostapd: avoid color switch when beacon is not set ,USERSPACE-ONLY,not ported: merge conflict (src/ap/hostapd.c),,,,,,conflict,conflict,hostapd.c
0047,mtk: hostapd: 6g bss connect do not consider ht operation ,USERSPACE-ONLY,"ported (clean cherry-pick, builds)",,,,,,clean,ok,ieee802_11.c
0048,mtk: hostapd: Add ACS chanlist info in get_config ,USERSPACE-ONLY,"ported (clean cherry-pick, builds)",,,,,,clean,ok,ctrl_iface.c
0049,mtk: hostapd: Fix RSNXE Interop issue with STA ,USERSPACE-ONLY,not ported: merge conflict (src/ap/ieee802_11.c),,,,,,conflict,conflict,ieee802_11.c
0050,mtk: hostapd: add support for ucode to parse BW320MHz info ,OPENWRT-UCODE/UBUS,not ported: merge conflict (src/utils/ucode.c),,,,,,conflict,ok,ucode.c
0051,mtk: hostapd: Add support for updating background channel by driver ,KERNEL-DIRECT,not ported: merge conflict (src/ap/dfs.c src/ap/dfs.h src/ap/drv_callbacks.c),"0025,0026,0030",,direct,,,conflict,conflict,dfs.c dfs.h drv_callbacks.c hostapd.h
0052,mtk: hostapd: add zwdfs mode ctrl for mt7996 efem ,KERNEL-DIRECT,not ported: merge conflict (hostapd/ctrl_iface.c src/ap/ap_config.h src/ap/ap_drv_ops.c src/ap/ap_drv_ops.h src/common/mtk_vendor.h src/drivers/driver.h src/drivers/driver_nl80211.c src/drivers/driver_nl80211.h src/drivers/driver_nl80211_capa.c),"0025,0026,0030","0019,0053,0056,0103",direct,background radar / ZWDFS (vendor BACKGROUND_RADAR_CTRL); MTK vendor cmd (OUI 0x0ce7); needs mt76 mt7996 vendor.c,,conflict,conflict,ap_config.h ap_drv_ops.c ap_drv_ops.h config_file.c ctrl_iface.c dfs.c driver.h driver_nl80211.c
0053,mtk: hostapd: add support enable/disable preamble puncture from mtk vendor command ,KERNEL-DIRECT,not ported: merge conflict (hostapd/config_file.c hostapd/ctrl_iface.c src/ap/ap_config.c src/ap/ap_config.h src/ap/ap_drv_ops.c src/ap/ap_drv_ops.h src/ap/hostapd.c src/common/mtk_vendor.h src/drivers/driver.h src/drivers/driver_nl80211.c src/drivers/driver_nl80211.h src/drivers/driver_nl80211_capa.c),0069,"0050,0053,0094",direct,preamble puncture / PP bitmap via PP_CTRL vendor + PP_BMP_UPDATE event; MTK vendor cmd (OUI 0x0ce7); needs mt76 mt7996 vendor.c,,conflict,conflict,ap_config.c ap_config.h ap_drv_ops.c ap_drv_ops.h config_file.c ctrl_iface.c driver.h driver_nl80211.c
0054,mtk: hostapd: add no_beacon vendor command for cert ,KERNEL-DIRECT,not ported: merge conflict (hostapd/ctrl_iface.c hostapd/hostapd_cli.c src/ap/ap_drv_ops.c src/ap/ap_drv_ops.h src/common/mtk_vendor.h src/drivers/driver.h src/drivers/driver_nl80211.c src/drivers/driver_nl80211.h src/drivers/driver_nl80211_capa.c),,0053,direct,MTK vendor cmd (OUI 0x0ce7); needs mt76 mt7996 vendor.c,,conflict,conflict,ap_drv_ops.c ap_drv_ops.h ctrl_iface.c driver.h driver_nl80211.c driver_nl80211.h driver_nl80211_capa.c hostapd_cli.c
0055,mtk: hostapd: WPS added change to configure AP PIN lock timout ,USERSPACE-ONLY,"ported (clean cherry-pick, builds)",,,,,,clean,ok,ap_config.h config_file.c wps_hostapd.c
0056,mtk: hostapd: remove chan/freq list check when scan request and factor calculation ,USERSPACE-ONLY,"ported (clean cherry-pick, builds)",,,,,,clean,ok,acs.c
0057,mtk: hostapd: Fix chan_switch to usable DFS channel fail due to ACS ,USERSPACE-ONLY,"ported (clean cherry-pick, builds)",,,,,,clean,ok,hostapd.c
0058,mtk: hostapd: initialize i802_bss's flink->freq with iface freq. ,USERSPACE-ONLY,not ported: merge conflict (src/ap/hostapd.c),,,,,,conflict,conflict,ap_drv_ops.c ap_drv_ops.h driver.h driver_i.h driver_nl80211.c hostapd.c main.c
0059,mtk: wpa_supplicant: correctly get assoc frequency ,KERNEL-FEATURE,"ported (clean cherry-pick, builds)","0038,0068,0073",,probable,wpa_supplicant MLO STA flows; kernel needs multi-link STA vif,,clean,ok,driver_nl80211_event.c
0060,mtk: wpa_supplicant: force MLD STA to use SAE H2E during authentication ,KERNEL-FEATURE,"ported (clean cherry-pick, builds)","0038,0068,0073",,probable,wpa_supplicant MLO STA flows; kernel needs multi-link STA vif,,clean,ok,sme.c
0061,mtk: hostapd: extend ap_get_sta() to find the correct sta ,KERNEL-FEATURE,"ported (clean cherry-pick, builds)","0051,0053,0054",,probable,,,clean,ok,ieee802_11.c sta_info.c sta_info.h
0062,mtk: hostapd: update cookie only when noack is unset ,USERSPACE-ONLY,not ported: merge conflict (src/drivers/driver_nl80211.c),,,,,,conflict,conflict,driver_nl80211.c
0063,mtk: wpa_supplicant: fix bss selection when setting mld_connect_band_pref ,KERNEL-FEATURE,"ported (clean cherry-pick, builds)","0038,0068,0073",,probable,wpa_supplicant MLO STA flows; kernel needs multi-link STA vif,,clean,ok,sme.c
0064,mtk: hostapd: Handle DFS radar detection in MLO ,KERNEL-FEATURE,"ported (clean cherry-pick, builds)","0041,0045,0046,0060","0019,0056",probable,,,clean,ok,ap_drv_ops.c driver_nl80211.c driver_nl80211.h driver_nl80211_event.c hostapd.c ieee802_11.c
0065,mtk: hostapd: add wds mlo support ,KERNEL-FEATURE,not ported: merge conflict (src/drivers/driver.h src/drivers/driver_nl80211.c),"0042,0047,0048,0079",,probable,,main already has WDS-in-AP-MLD support (2026-09: WDS interface creation/removal/events for MLO),conflict,conflict,driver.h driver_nl80211.c drv_callbacks.c ieee802_11.c sta_info.c sta_info.h
0066,mtk: hostapd: prevent getting non-MLD STA for other links ,KERNEL-FEATURE,not ported: merge conflict (src/ap/sta_info.c),"0051,0053,0054",,probable,,,conflict,conflict,sta_info.c
0067,mtk: hostapd: specify link id for unicast DEAUTH ,KERNEL-FEATURE,"ported (clean cherry-pick, builds)","0051,0053,0054",,probable,,,clean,ok,ap_drv_ops.c
0068,mtk: hostapd: using MLD addr as SA/BSSID for broadcast DEAUTH ,KERNEL-FEATURE,"ported (clean cherry-pick, builds)","0051,0053,0054",,probable,,,conflict,ok,ap_drv_ops.c
0069,mtk: hostapd: support vht bfee sts can be up to 0x4 ,USERSPACE-ONLY,"ported (clean cherry-pick, builds)",,,,,,clean,ok,config_file.c
0070,mtk: hostapd: add connac3 csi control interface ,KERNEL-DIRECT,not ported: merge conflict (hostapd/ctrl_iface.c hostapd/hostapd_cli.c src/ap/ap_drv_ops.c src/ap/ap_drv_ops.h src/common/mtk_vendor.h src/drivers/driver.h src/drivers/driver_nl80211.c src/drivers/driver_nl80211.h src/drivers/driver_nl80211_capa.c),,0053,direct,MTK vendor cmd (OUI 0x0ce7); needs mt76 mt7996 vendor.c,,conflict,conflict,ap_drv_ops.c ap_drv_ops.h ctrl_iface.c driver.h driver_nl80211.c driver_nl80211.h driver_nl80211_capa.c hostapd_cli.c
0071,mtk: hostapd: Refactor static PP and mld support ,KERNEL-FEATURE,not ported: merge conflict (hostapd/config_file.c hostapd/ctrl_iface.c hostapd/hostapd_cli.c src/ap/ap_config.h src/ap/ap_drv_ops.c src/ap/hostapd.c src/common/mtk_vendor.h src/drivers/driver.h src/drivers/driver_nl80211.c),0069,"0050,0094",probable,preamble puncture / PP bitmap via PP_CTRL vendor + PP_BMP_UPDATE event,,conflict,conflict,ap_config.h ap_drv_ops.c config_file.c ctrl_iface.c ctrl_iface.h dfs.c driver.h driver_nl80211.c
0072,mtk: hostapd: make sure all links are set before enabling beacon ,KERNEL-FEATURE,not ported: merge conflict (hostapd/config_file.c src/ap/ucode.c),"0055,0118",,probable,,,conflict,conflict,ap_config.h beacon.c config_file.c hostapd.c hostapd.h ucode.c
0073,mtk: hostapd: do not roam within the same MLD ,KERNEL-FEATURE,"ported (clean cherry-pick, builds)","0038,0068,0073",,probable,wpa_supplicant MLO STA flows; kernel needs multi-link STA vif,,clean,ok,events.c
0074,mtk: hostapd: update op_class in channel switch fallback ,USERSPACE-ONLY,"ported (clean cherry-pick, builds)",,,,,,clean,ok,hostapd.c
0075,mtk: hostapd: prevent responding to mgmt while AP MLD is initializing ,USERSPACE-ONLY,dropped: broke aarch64 build (depends on a patch that did not port),,,,,,clean,ok,ieee802_11.c
0076,mtk: hostapd: add critical update support ,KERNEL-FEATURE,not ported: merge conflict (hostapd/ctrl_iface.c hostapd/hostapd_cli.c src/ap/hostapd.h src/ap/ieee802_11_eht.c src/ap/sta_info.h src/ap/ucode.c),"0057,0075,0099,0101,0107",0055,probable,NL80211_CMD_NOTIFY_CRIT_UPDATE / ATTR_*_STA_PROF private nl80211 ids,,conflict,conflict,beacon.c beacon.h ctrl_iface.c dfs.c driver.h driver_nl80211.c drv_callbacks.c hostapd.c
0077,mtk: hostapd: add support for emlsr ,KERNEL-FEATURE,not ported: merge conflict (hostapd/hostapd.conf src/ap/ap_config.h src/ap/hostapd.h src/ap/ieee802_11_eht.c src/drivers/driver_nl80211.c),"0124,0134,0135",0077,probable,EMLSR/EML caps; MTK vendor + mac80211 eml params,,conflict,conflict,ap_config.h config_file.c driver_nl80211.c hostapd.conf hostapd.h ieee802_11_eht.c
0078,mtk: hostapd: Fix Operating Mode Notification issue in 2GHz ,USERSPACE-ONLY,"ported (clean cherry-pick, builds)",,,,,,clean,ok,ieee802_11_shared.c
0079,mtk: hostapd: add mlo probe client support ,KERNEL-FEATURE,"ported (clean cherry-pick, builds)",0059,,probable,,,clean,ok,ctrl_iface.c sta_info.c
0080,mtk: hostapd: extend MLO information getting ,KERNEL-FEATURE,"ported (clean cherry-pick, builds)","0038,0068,0073",,probable,wpa_supplicant MLO STA flows; kernel needs multi-link STA vif,,clean,ok,driver.h driver_nl80211.c events.c wpa_supplicant_i.h
0081,mtk: hostapd: Remove BPCC and ML ie in per-sta profile of ML probe response ,USERSPACE-ONLY,"ported (clean cherry-pick, builds)",,,,,,clean,ok,ieee802_11_eht.c
0082,mtk: hostapd: Fix the issue with the presence of MLD_ID in the probe response ,USERSPACE-ONLY,not ported: merge conflict (src/ap/ieee802_11_eht.c),,,,,,conflict,conflict,ieee802_11_eht.c
0083,mtk: hostapd: add support for DFS channel switching with csa sent,USERSPACE-ONLY,not ported: merge conflict (src/ap/dfs.c src/ap/hostapd.h),,,,,,conflict,conflict,beacon.c ctrl_iface.c ctrl_iface_ap.c dfs.c dfs.h hostapd.c hostapd.h ieee802_11.c
0084,mtk: hostapd: Temporary non-inheritance IE solution ,KERNEL-FEATURE,"ported (clean cherry-pick, builds)","0021,0091,0097,0099,0101,0111",0088,probable,MBSSID non-TX BSS / ML probe handling,,clean,ok,beacon.c ieee802_11.c ieee802_11.h ieee802_11_eht.c
0085,mtk: hostapd: ensure only a scan callback is called on each scan result event ,USERSPACE-ONLY,"ported (clean cherry-pick, builds)",,,,,,clean,ok,drv_callbacks.c
0086,mtk: hostapd: add support for get_survey to specify link id ,USERSPACE-ONLY,"ported (clean cherry-pick, builds)",,,,,,clean,ok,ap_drv_ops.h driver.h driver_nl80211.c drv_callbacks.c
0087,mtk: hostapd: sequentially conduct multiple setup ACS ,USERSPACE-ONLY,"ported (clean cherry-pick, builds)",,,,,,clean,ok,hostapd.c hw_features.c
0088,mtk: hostapd: do not consider bss ignore list when parsing ML parnter link ,USERSPACE-ONLY,not ported: merge conflict (wpa_supplicant/bss.c),,,,,,conflict,conflict,bss.c
0089,mtk: hostapd: support vendor command trig_type and ap_wireless with link_id ,KERNEL-DIRECT,not ported: merge conflict (src/ap/ap_drv_ops.c src/common/mtk_vendor.h src/drivers/driver.h src/drivers/driver_nl80211.c),,0053,direct,MTK vendor cmd (OUI 0x0ce7); needs mt76 mt7996 vendor.c,,conflict,conflict,ap_drv_ops.c driver.h driver_nl80211.c mtk_vendor.h
0090,mtk: hostapd: add support for link add ,KERNEL-FEATURE,not ported: merge conflict (hostapd/ctrl_iface.c hostapd/hostapd_cli.c src/ap/beacon.c src/ap/hostapd.h),0070,0072,probable,AP-MLD link add at runtime: verify against mt7996 MLO reconfig,main already has hostapd_drv_link_add() / MLD link add primitives,conflict,conflict,beacon.c ctrl_iface.c hostapd.c hostapd.h hostapd_cli.c
0091,mtk: hostapd: Fix the op_class value in the RNR IE to achieve backward compatibility ,USERSPACE-ONLY,not ported: merge conflict (src/ap/ieee802_11.c),,,,,,conflict,conflict,ieee802_11.c
0092,mtk: hostapd: support enable/disable preamble puncture from mtk vendor command ,KERNEL-DIRECT,not ported: merge conflict (hostapd/config_file.c hostapd/ctrl_iface.c hostapd/hostapd_cli.c src/ap/ap_config.c src/ap/ap_drv_ops.c src/ap/drv_callbacks.c src/common/mtk_vendor.h src/drivers/driver.h src/drivers/driver_nl80211.c),0069,"0050,0053,0094",direct,preamble puncture / PP bitmap via PP_CTRL vendor + PP_BMP_UPDATE event; MTK vendor cmd (OUI 0x0ce7); needs mt76 mt7996 vendor.c,,conflict,conflict,ap_config.c ap_drv_ops.c config_file.c ctrl_iface.c driver.h driver_nl80211.c driver_nl80211_event.c drv_callbacks.c
0093,mtk: hostapd: fix Multiple MLDs to use the conf's own_addr/mld_addr. ,USERSPACE-ONLY,not ported: merge conflict (src/ap/hostapd.c),,,,,,conflict,conflict,hostapd.c
0094,mtk: hostapd: handle 5G link setup after DFS bootup CAC as link reconfig ,USERSPACE-ONLY,not ported: merge conflict (src/ap/dfs.c src/ap/hostapd.h src/ap/ieee802_11_eht.c),,,,,,conflict,conflict,dfs.c hostapd.c hostapd.h ieee802_11.c ieee802_11_eht.c
0095,mtk: hostapd: support MLD AP affiliated link removal ,KERNEL-FEATURE,not ported: merge conflict (hostapd/ctrl_iface.c hostapd/hostapd_cli.c src/ap/hostapd.h),0070,0072,probable,needs cfg80211 link-removal event (NL80211_CMD_LINKS_REMOVED),main already has LINK_REMOVE ctrl command / hostapd_link_remove(),conflict,conflict,ap_drv_ops.c beacon.c ctrl_iface.c driver.h driver_nl80211.c driver_nl80211_event.c drv_callbacks.c hostapd.c
0096,mtk: hostapd: add A-TTLM support ,KERNEL-DIRECT,not ported: merge conflict (hostapd/hostapd_cli.c src/ap/hostapd.c src/ap/hostapd.h src/ap/ieee802_11.c src/ap/ieee802_11_eht.c src/drivers/driver_nl80211_event.c),"0071,0073,0084,0085,0087",0073,direct,"A-TTLM/Neg-TTLM private nl80211 cmds (SET_ATTLM, ATTLM_EVENT, SET_STA_TTLM) + MTK mac80211 TTLM",,conflict,conflict,ap_drv_ops.c ap_drv_ops.h beacon.c ctrl_iface.c driver.h driver_nl80211.c driver_nl80211_event.c drv_callbacks.c
0097,mtk: hostapd: Add txpower vendor command ,KERNEL-DIRECT,not ported: merge conflict (hostapd/config_file.c src/ap/ap_config.c src/ap/ap_config.h src/ap/ap_drv_ops.c src/ap/ap_drv_ops.h src/ap/hostapd.c src/common/mtk_vendor.h src/drivers/driver.h src/drivers/driver_nl80211.c src/drivers/driver_nl80211.h src/drivers/driver_nl80211_capa.c),0113,"0058,0059,0087",direct,txpower / AFC-LPI / singlesku: vendor TXPOWER_CTRL + mt76 power tables,,conflict,conflict,ap_config.c ap_config.h ap_drv_ops.c ap_drv_ops.h config_file.c driver.h driver_nl80211.c driver_nl80211.h
0098,mtk: hostapd: Add Triggered Uplink Access Optimization support ,KERNEL-DIRECT,not ported: merge conflict (src/ap/ap_drv_ops.c src/ap/ieee802_11.c src/ap/sta_info.h src/common/mtk_vendor.h src/drivers/driver.h src/drivers/driver_nl80211.c src/drivers/driver_nl80211.h src/drivers/driver_nl80211_capa.c),,0053,direct,MTK vendor cmd (OUI 0x0ce7); needs mt76 mt7996 vendor.c,,conflict,conflict,Makefile ap_drv_ops.c ap_drv_ops.h driver.h driver_nl80211.c driver_nl80211.h driver_nl80211_capa.c ieee802_11.c
0099,mtk: hostapd: fix 6G EHT BW 320 channel switch issue ,USERSPACE-ONLY,not ported: merge conflict (src/ap/hostapd.c),,,,,,conflict,conflict,driver.h hostapd.c
0100,mtk: hostapd: Add AFC and lpi driver power support ,KERNEL-DIRECT,not ported: merge conflict (hostapd/config_file.c src/ap/afc.c src/ap/ap_config.c src/ap/ap_config.h src/ap/ap_drv_ops.c src/ap/hostapd.h src/common/mtk_vendor.h src/drivers/driver.h src/drivers/driver_nl80211.c),0113,"0058,0059,0087",direct,txpower / AFC-LPI / singlesku: vendor TXPOWER_CTRL + mt76 power tables,"touches afc.c, which main rewrote upstream",conflict,conflict,afc.c ap_config.c ap_config.h ap_drv_ops.c config_file.c driver.h driver_nl80211.c hostapd.h
0101,mtk: hostapd: Fix hostapd crash in wds mode during freeing sta ,KERNEL-FEATURE,not ported: merge conflict (src/drivers/driver_nl80211.c),"0042,0047,0048,0079",,probable,,main already has WDS-in-AP-MLD support (2026-09: WDS interface creation/removal/events for MLO),conflict,conflict,driver_nl80211.c
0102,mtk: hostapd: add CU status update support ,KERNEL-FEATURE,not ported: merge conflict (hostapd/ctrl_iface.c src/ap/beacon.c src/ap/dfs.c src/ap/drv_callbacks.c src/ap/hostapd.c src/ap/ieee802_11.c src/drivers/driver.h src/drivers/driver_nl80211_event.c),"0057,0075,0099,0101,0107",0055,probable,NL80211_CMD_NOTIFY_CRIT_UPDATE / ATTR_*_STA_PROF private nl80211 ids,,conflict,conflict,beacon.c ctrl_iface.c dfs.c driver.h driver_nl80211_event.c drv_callbacks.c hostapd.c ieee802_11.c
0103,mtk: hostapd: fix wds remove flow ,KERNEL-FEATURE,not ported: merge conflict (src/ap/ap_drv_ops.c),"0042,0047,0048,0079",,probable,,main already has WDS-in-AP-MLD support (2026-09: WDS interface creation/removal/events for MLO),conflict,conflict,ap_drv_ops.c driver_nl80211.c
0104,mtk: hostapd: remove the STA when receiving AUTH from associated STA MLD ,USERSPACE-ONLY,not ported: merge conflict (src/ap/ieee802_11.c),,,,,,conflict,conflict,ieee802_11.c
0105,mtk: hostapd: fix per-sta profile and bw indication element after upgrade ,KERNEL-FEATURE,not ported: merge conflict (src/ap/hostapd.c),"0057,0075,0099,0101,0107",0055,probable,NL80211_CMD_NOTIFY_CRIT_UPDATE / ATTR_*_STA_PROF private nl80211 ids,,conflict,conflict,beacon.c beacon.h hostapd.c
0106,mtk: hostapd: update channel information in WBCS to carry maximal BW with no punctured sub-channel. ,USERSPACE-ONLY,"ported (clean cherry-pick, builds)",,,,,,clean,ok,ieee802_11.c
0107,mtk: hostapd: update partner link's per-STA profile after channel switch ,USERSPACE-ONLY,dropped: broke aarch64 build (depends on a patch that did not port),,,,,,clean,ok,drv_callbacks.c
0108,mtk: hostapd: remove sta_info from partner links when deauthenticating inactive STA ,USERSPACE-ONLY,not ported: merge conflict (src/ap/sta_info.c),,,,,,conflict,conflict,sta_info.c
0109,mtk: hostapd: skip BSS from disallowed channel when matching the scan results ,USERSPACE-ONLY,"ported (clean cherry-pick, builds)",,,,,,clean,ok,events.c
0110,mtk: hostapd: Add support for TSF offset ,KERNEL-DIRECT,not ported: merge conflict (src/ap/drv_callbacks.c src/ap/hostapd.h src/drivers/driver.h src/drivers/driver_nl80211_event.c),0076,0060,direct,NL80211_CMD_TSF_OFFSET_EVENT private id,,conflict,conflict,driver.h driver_nl80211_event.c drv_callbacks.c hostapd.h ieee802_11_eht.c
0111,mtk: hostapd: clear authroized flag when removing STA from the driver during association handling ,USERSPACE-ONLY,"ported (clean cherry-pick, builds)",,,,,,clean,ok,ieee802_11.c
0112,mtk: hostapd: add return value for ieee802_11_set_beacon_per_bss_only ,USERSPACE-ONLY,"ported (clean cherry-pick, builds)",,,,,,clean,ok,beacon.c beacon.h
0113,mtk: hostapd: add support for removeing the main BSS ,USERSPACE-ONLY,"ported (clean cherry-pick, builds)",,,,,,clean,ok,ap_drv_ops.h ctrl_iface.c driver.h driver_nl80211.c hostapd.c hostapd.h
0114,mtk: hostapd: add support for enable/disable single BSS ,USERSPACE-ONLY,not ported: merge conflict (src/drivers/driver_nl80211_event.c),,,,,,conflict,conflict,ctrl_iface.c driver_nl80211.c driver_nl80211_event.c hostapd.c hostapd.h hostapd_cli.c
0115,mtk: hostapd: add support for removing AP MLD ,USERSPACE-ONLY,"ported (clean cherry-pick, builds)",,,,,,conflict,ok,ctrl_iface.c hostapd.c hostapd.h
0116,mtk: hostapd: refactor upstream's enable/disable MLD operations ,USERSPACE-ONLY,not ported: merge conflict (src/ap/hostapd.c),,,,,,conflict,conflict,ctrl_iface.c hostapd.c hostapd.h
0117,mtk: hostapd: Fix bugs in FT initial mobility domain association ,KERNEL-FEATURE,not ported: merge conflict (src/ap/wpa_auth.h),"0040,0054,0056","0085,0086",probable,FT over AP/STA MLD: mostly userspace; kernel-side MLD addr translation,,conflict,conflict,wpa_auth.c wpa_auth.h wpa_auth_ft.c
0118,mtk: hostapd: Fix hostapd crash if setup a iface with a link bss failed ,USERSPACE-ONLY,not ported: merge conflict (src/ap/hostapd.c),,,,,,conflict,conflict,hostapd.c
0119,mtk: hostapd: reset bss->scan_link after getting survey ,USERSPACE-ONLY,"ported (clean cherry-pick, builds)",,,,,,clean,ok,driver_nl80211.c
0120,mtk: hostapd: Add DFS offchain control support ,KERNEL-FEATURE,not ported: merge conflict (hostapd/ctrl_iface.c hostapd/hostapd_cli.c src/ap/dfs.c),"0108,0112,0133","0019,0056",probable,offchannel CAC / concurrent DFS,,conflict,conflict,ctrl_iface.c dfs.c dfs.h hostapd_cli.c
0121,mtk: hostapd: change vendor cmd band idx into radio idx ,KERNEL-DIRECT,not ported: merge conflict (hostapd/ctrl_iface.c hostapd/ctrl_iface.h src/ap/ap_drv_ops.c src/common/mtk_vendor.h src/drivers/driver.h src/drivers/driver_nl80211.c),,0053,direct,MTK vendor cmd (OUI 0x0ce7); needs mt76 mt7996 vendor.c,,conflict,conflict,ap_drv_ops.c ctrl_iface.c ctrl_iface.h driver.h driver_nl80211.c mtk_vendor.h
0122,mtk: hostapd: add 11v MLD BPCC critical update support ,KERNEL-FEATURE,not ported: merge conflict (src/ap/beacon.c src/ap/ieee802_11.c),"0057,0075,0099,0101,0107",0055,probable,NL80211_CMD_NOTIFY_CRIT_UPDATE / ATTR_*_STA_PROF private nl80211 ids,,conflict,conflict,beacon.c ieee802_11.c ieee802_11_defs.h
0123,mtk: hostapd: fix hostapd crash when building per-sta profile ,USERSPACE-ONLY,not ported: merge conflict (src/ap/beacon.c),,,,,,conflict,conflict,beacon.c
0124,mtk: hostapd: WPS: use passphrase over psk file ,USERSPACE-ONLY,"ported (clean cherry-pick, builds)",,,,,,clean,ok,wps_hostapd.c
0125,mtk: hostapd: add background radar standalone mode ,KERNEL-FEATURE,not ported: merge conflict (hostapd/config_file.c hostapd/ctrl_iface.c src/ap/ap_config.c src/ap/ap_config.h),"0025,0026,0030","0019,0053,0056,0103",probable,background radar / ZWDFS (vendor BACKGROUND_RADAR_CTRL),,conflict,conflict,ap_config.c ap_config.h config_file.c ctrl_iface.c dfs.c
0126,mtk: hostapd: move attlm_settings to ieee802_11_def.h ,KERNEL-DIRECT,"ported (clean cherry-pick, builds)","0071,0073,0084,0085,0087",0073,direct,"A-TTLM/Neg-TTLM private nl80211 cmds (SET_ATTLM, ATTLM_EVENT, SET_STA_TTLM) + MTK mac80211 TTLM",,clean,ok,driver.h ieee802_11_defs.h
0127,mtk: hostapd: add Adv-TTLM helper functions ,KERNEL-DIRECT,not ported: merge conflict (hostapd/ctrl_iface.c src/ap/hostapd.c src/ap/hostapd.h src/ap/ieee802_11.c src/ap/ieee802_11_eht.c),"0071,0073,0084,0085,0087",0073,direct,"A-TTLM/Neg-TTLM private nl80211 cmds (SET_ATTLM, ATTLM_EVENT, SET_STA_TTLM) + MTK mac80211 TTLM",,conflict,conflict,ctrl_iface.c hostapd.c hostapd.h ieee802_11.c ieee802_11_eht.c
0128,mtk: wpa_s: add Neg-TTLM setup and teardown for STA MLD ,KERNEL-DIRECT,"ported (clean cherry-pick, builds)","0038,0068,0071,0073,0084,0085,0087",0073,direct,"A-TTLM/Neg-TTLM private nl80211 cmds (SET_ATTLM, ATTLM_EVENT, SET_STA_TTLM) + MTK mac80211 TTLM; wpa_supplicant MLO STA flows; kernel needs multi-link STA vif",,conflict,ok,ctrl_iface.c driver.h driver_i.h driver_nl80211.c ieee802_11_defs.h wpa_cli.c
0129,mtk: hostapd: add Neg-TTLM support for AP MLD ,KERNEL-DIRECT,not ported: merge conflict (hostapd/ctrl_iface.c hostapd/hostapd_cli.c src/ap/ap_drv_ops.c src/ap/ap_drv_ops.h src/ap/drv_callbacks.c src/ap/hostapd.h src/ap/ieee802_11.h src/ap/sta_info.h src/drivers/driver_nl80211.c),"0071,0073,0084,0085,0087",0073,direct,"A-TTLM/Neg-TTLM private nl80211 cmds (SET_ATTLM, ATTLM_EVENT, SET_STA_TTLM) + MTK mac80211 TTLM",,conflict,conflict,ap_drv_ops.c ap_drv_ops.h ctrl_iface.c driver.h driver_nl80211.c drv_callbacks.c hostapd.h hostapd_cli.c
0130,mtk: hostapd: unset MLE cap bit 3 for Wi-Fi 7 CERT 4.50 ,USERSPACE-ONLY,not ported: merge conflict (hostapd/config_file.c src/ap/ap_config.h),,,,,,conflict,conflict,ap_config.h config_file.c ieee802_11_eht.c
0131,mtk: hostapd: add link id for air monitor ,KERNEL-DIRECT,not ported: merge conflict (src/ap/ap_drv_ops.c src/drivers/driver.h src/drivers/driver_nl80211.c),,0053,direct,MTK vendor cmd (OUI 0x0ce7); needs mt76 mt7996 vendor.c,,conflict,conflict,ap_drv_ops.c driver.h driver_nl80211.c mtk_vendor.h
0132,mtk: hostapd: add a variable of type struct hostapd_interfaces in hostapd_setup_interface_complete_sync() ,USERSPACE-ONLY,"ported (clean cherry-pick, builds)",,,,,,clean,ok,hostapd.c
0133,mtk: hostapd: refactor beacon setting after interface setup completion ,USERSPACE-ONLY,"ported (clean cherry-pick, builds)",,,,,,conflict,ok,beacon.c beacon.h hostapd.c
0134,mtk: hostapd: Add FT-Auth mld support ,KERNEL-FEATURE,dropped: broke aarch64 build (depends on a patch that did not port),"0040,0054,0056","0085,0086",probable,FT over AP/STA MLD: mostly userspace; kernel-side MLD addr translation,,clean,ok,hostapd.c ieee802_11_eht.c wpa_auth_ft.c wpa_auth_glue.c wpa_common.c wpa_common.h
0135,mtk: hostapd: FT: Add FT-DS mld sta info handling in assoc ,KERNEL-FEATURE,dropped: broke aarch64 build (depends on a patch that did not port),"0040,0054,0056","0085,0086",probable,FT over AP/STA MLD: mostly userspace; kernel-side MLD addr translation,,clean,ok,ieee802_11.c
0136,mtk: hostapd: Fix reassoc cb can't get STA error ,KERNEL-FEATURE,not ported: merge conflict (src/ap/ieee802_11.c),"0040,0054,0056","0085,0086",probable,FT over AP/STA MLD: mostly userspace; kernel-side MLD addr translation,,conflict,conflict,ieee802_11.c
0137,mtk: hostapd: FT: Add AP FT-Assoc mld support ,KERNEL-FEATURE,dropped: broke aarch64 build (depends on a patch that did not port),"0040,0054,0056","0085,0086",probable,FT over AP/STA MLD: mostly userspace; kernel-side MLD addr translation,,clean,ok,drv_callbacks.c ieee802_11.c wpa_auth.h wpa_auth_ft.c
0138,mtk: wpa_s: fix MLD connection issue when WPS is used ,KERNEL-FEATURE,"ported (clean cherry-pick, builds)","0038,0068,0073",,probable,wpa_supplicant MLO STA flows; kernel needs multi-link STA vif,,clean,ok,events.c wps_supplicant.c
0139,mtk: hostapd: allow only new association to enter WPA state machine ,USERSPACE-ONLY,"ported (clean cherry-pick, builds)",,,,,,clean,ok,ieee802_11.c
0140,mtk: hostapd: add support for EPCS ,KERNEL-DIRECT,not ported: merge conflict (hostapd/config_file.c hostapd/ctrl_iface.c hostapd/hostapd_cli.c hostapd/main.c src/ap/ap_config.h src/ap/ap_drv_ops.c src/ap/ap_drv_ops.h src/ap/hostapd.c src/ap/ieee802_11.h src/ap/ieee802_11_eht.c src/ap/sta_info.h src/common/mtk_vendor.h src/drivers/driver.h src/drivers/driver_nl80211.c src/drivers/driver_nl80211.h src/drivers/driver_nl80211_capa.c),"0134,0135",0061,direct,EPCS via MTK vendor cmd EPCS_CTRL; also needs firmware support; MTK vendor cmd (OUI 0x0ce7); needs mt76 mt7996 vendor.c,main only defines EPCS constants (ap_drv_ops.c has a TODO); no EPCS state machine,conflict,conflict,Makefile ap_config.h ap_drv_ops.c ap_drv_ops.h config_file.c ctrl_iface.c driver.h driver_nl80211.c
0141,mtk: hostapd: fix RNR unsync issue after channel switch ,KERNEL-FEATURE,not ported: merge conflict (src/ap/drv_callbacks.c),"0057,0075,0099,0101,0107",0055,probable,NL80211_CMD_NOTIFY_CRIT_UPDATE / ATTR_*_STA_PROF private nl80211 ids,,conflict,conflict,beacon.c beacon.h drv_callbacks.c
0142,mtk: hostapd: update preference val of neighbor report in BTM req for mld ap ,USERSPACE-ONLY,not ported: merge conflict (src/ap/ctrl_iface_ap.c src/ap/neighbor_db.c src/ap/neighbor_db.h),,,,,,conflict,conflict,ctrl_iface_ap.c ieee802_11_defs.h neighbor_db.c neighbor_db.h wnm_ap.c wnm_ap.h
0143,mtk: hostapd: update preference val of neighbor report in BTM req by sta non-preferred channels ,USERSPACE-ONLY,not ported: merge conflict (src/ap/neighbor_db.c src/ap/neighbor_db.h),,,,,,conflict,conflict,neighbor_db.c neighbor_db.h
0144,mtk: hostapd: add new argument mbo_cert for hostapd_cli bss_tm_req ,OPENWRT-UCODE/UBUS,not ported: merge conflict (src/ap/ubus.c),,,,,,conflict,ok,ctrl_iface_ap.c ubus.c
0145,mtk: wpa_s: also allow AKM24 (SAE-EXT) when wps_cred_add_sae is set ,KERNEL-FEATURE,"ported (clean cherry-pick, builds)","0038,0068,0073",,probable,wpa_supplicant MLO STA flows; kernel needs multi-link STA vif,,clean,ok,wps_supplicant.c
0146,mtk: hostapd: rework add txpower vendor command ,KERNEL-DIRECT,not ported: merge conflict (src/ap/ap_config.c src/ap/ap_config.h src/ap/ap_drv_ops.c src/drivers/driver_nl80211.c),0113,"0058,0059,0087",direct,txpower / AFC-LPI / singlesku: vendor TXPOWER_CTRL + mt76 power tables,,conflict,conflict,ap_config.c ap_config.h ap_drv_ops.c driver_nl80211.c
0147,mtk: hostapd: fix aid allocation ,USERSPACE-ONLY,not ported: merge conflict (src/ap/ap_drv_ops.c src/ap/ucode.c),,,,,,conflict,conflict,ap_drv_ops.c ieee802_11.c sta_info.c ucode.c
0148,mtk: hostapd: send beacon request to STA's MLD address ,USERSPACE-ONLY,"ported (clean cherry-pick, builds)",,,,,,clean,ok,rrm.c
0149,mtk: hostapd: properly reset ret value so that following errors can be reported ,USERSPACE-ONLY,not ported: merge conflict (src/drivers/driver_nl80211.c),,,,,,conflict,conflict,driver_nl80211.c
0150,mtk: hostapd: support handle mscs protocol ,KERNEL-FEATURE,not ported: merge conflict (hostapd/main.c src/ap/ieee802_11.c src/ap/scs.c src/ap/scs.h src/ap/sta_info.h src/common/ieee802_11_common.h src/common/ieee802_11_defs.h src/drivers/driver.h src/drivers/driver_nl80211.c),"0072,0088",,probable,MSCS: separate MTK QoS-management kernel module + mscs daemon via private netlink (not mac80211/mt76),,conflict,conflict,driver.h driver_nl80211.c hostapd.h ieee802_11.c ieee802_11_common.c ieee802_11_common.h ieee802_11_defs.h main.c
0151,mtk: hostapd: add hostapd_eid_wmm_len() ,USERSPACE-ONLY,not ported: merge conflict (src/ap/beacon.c),,,,,,conflict,conflict,beacon.c wmm.c wmm.h
0152,mtk: hostapd: refactor MTK configuration options in hostapd/wpa_s for prplMesh ,USERSPACE-ONLY,not ported: merge conflict (src/ap/ap_config.c src/ap/hostapd.c),,,,,,conflict,conflict,ap_config.c hostapd.c hostapd.h hw_features.c
0153,mtk: hostapd: refactor for mld->active_links ,USERSPACE-ONLY,not ported: merge conflict (hostapd/ctrl_iface.c src/ap/dfs.c src/ap/hostapd.c src/ap/hostapd.h src/ap/ieee802_11_eht.c),,,,,,conflict,conflict,ctrl_iface.c dfs.c hostapd.c hostapd.h ieee802_11.c ieee802_11_eht.c
0154,mtk: hostapd: prevent repeatly adding link to MLD ,USERSPACE-ONLY,dropped: broke aarch64 build (depends on a patch that did not port),,,,,,clean,ok,hostapd.c
0155,mtk: hostapd: update freq on i802_bss's link only after successful start of radar detection ,USERSPACE-ONLY,"ported (clean cherry-pick, builds)",,,,,,conflict,ok,driver_nl80211.c
0156,mtk: hostapd: support delete mscs policy for the specific sta ,KERNEL-FEATURE,not ported: merge conflict (hostapd/ctrl_iface.c hostapd/hostapd_cli.c src/ap/scs.c src/ap/scs.h),"0072,0088",,probable,MSCS: separate MTK QoS-management kernel module + mscs daemon via private netlink (not mac80211/mt76),,conflict,conflict,ctrl_iface.c hostapd_cli.c scs.c scs.h
0157,mtk: hostapd: FT: Add FT MIC calculation support mlo ,KERNEL-FEATURE,not ported: merge conflict (src/ap/wpa_auth_ft.c),"0040,0054,0056","0085,0086",probable,FT over AP/STA MLD: mostly userspace; kernel-side MLD addr translation,,conflict,conflict,rx_mgmt.c wpa_auth_ft.c wpa_common.c wpa_common.h wpa_ft.c
0158,mtk: hostapd: FT: Add rrb frame support mld address ,KERNEL-FEATURE,dropped: broke aarch64 build (depends on a patch that did not port),"0040,0054,0056","0085,0086",probable,FT over AP/STA MLD: mostly userspace; kernel-side MLD addr translation,,clean,ok,wpa_auth_ft.c wpa_auth_glue.c
0159,mtk: hostapd: fix set key fail when 11v mbss is enabled ,USERSPACE-ONLY,"ported (clean cherry-pick, builds)",,,,,,clean,ok,hostapd.c
0160,mtk: hostapd: include BPCC in MLE STA control when handling ASSOC response ,USERSPACE-ONLY,"ported (clean cherry-pick, builds)",,,,,,clean,ok,ieee802_11_eht.c
0161,mtk: hostapd: FT: Use primary wpa_auth to handle rrb in ml sta connect ,KERNEL-FEATURE,not ported: merge conflict (src/ap/wpa_auth.h),"0040,0054,0056","0085,0086",probable,FT over AP/STA MLD: mostly userspace; kernel-side MLD addr translation,,conflict,conflict,wpa_auth.c wpa_auth.h wpa_auth_ft.c
0162,mtk: hostapd: Add support for printing eml_cap using hostapd_cli ,KERNEL-FEATURE,"ported (clean cherry-pick, builds)","0124,0134,0135",0077,probable,EMLSR/EML caps; MTK vendor + mac80211 eml params,,clean,ok,ctrl_iface_ap.c
0163,hostapd: mtk: drop contiguous association frame before the previous one finishes sending ,USERSPACE-ONLY,not ported: merge conflict (src/ap/ieee802_11.c src/ap/sta_info.h),,,,,,conflict,conflict,ieee802_11.c sta_info.h
0164,mtk: hostapd: refactor BSS color change & collision detection ,KERNEL-DIRECT,not ported: merge conflict (hostapd/ctrl_iface.c src/ap/ap_drv_ops.c src/ap/ap_drv_ops.h src/ap/hostapd.c src/common/mtk_vendor.h src/drivers/driver.h src/drivers/driver_nl80211.c),"0020,0090","0017,0053",direct,BSS_COLOR_CTRL vendor cmd; MTK vendor cmd (OUI 0x0ce7); needs mt76 mt7996 vendor.c,,conflict,conflict,ap_drv_ops.c ap_drv_ops.h ctrl_iface.c driver.h driver_nl80211.c hostapd.c mtk_vendor.h
0165,mtk: hostapd: fix get/set edcca vendor command for single-wiphy ,KERNEL-DIRECT,not ported: merge conflict (hostapd/ctrl_iface.c hostapd/hostapd_cli.c src/ap/ap_drv_ops.c src/drivers/driver.h src/drivers/driver_nl80211.c),,0053,direct,MTK vendor cmd (OUI 0x0ce7); needs mt76 mt7996 vendor.c,,conflict,conflict,ap_drv_ops.c ctrl_iface.c driver.h driver_nl80211.c hostapd_cli.c mtk_vendor.h
0166,mtk: hostapd: add 802.1X support AP MLD ,KERNEL-FEATURE,not ported: merge conflict (src/ap/sta_info.c),"0040,0054",,probable,,,conflict,conflict,drv_callbacks.c ieee802_1x.c sta_info.c sta_info.h wps_hostapd.c
0167,mtk: hostapd: add support to dump STA Neg-TTLM status ,KERNEL-DIRECT,not ported: merge conflict (hostapd/ctrl_iface.c hostapd/hostapd_cli.c),"0071,0073,0084,0085,0087",0073,direct,"A-TTLM/Neg-TTLM private nl80211 cmds (SET_ATTLM, ATTLM_EVENT, SET_STA_TTLM) + MTK mac80211 TTLM",,conflict,conflict,ctrl_iface.c hostapd_cli.c
0168,mtk: hostapd: prevent NULL pointer access in hostapd_free_hapd_data() ,USERSPACE-ONLY,"ported (clean cherry-pick, builds)",,,,,,clean,ok,hostapd.c
0169,mtk: hostapd: FT: Set mld AP handle OTD roaming with the same state machine ,KERNEL-FEATURE,not ported: merge conflict (src/ap/ieee802_11.c src/ap/wpa_auth.c src/ap/wpa_auth.h src/ap/wpa_auth_ft.c),"0040,0054,0056","0085,0086",probable,FT over AP/STA MLD: mostly userspace; kernel-side MLD addr translation,,conflict,conflict,ieee802_11.c sta_info.c wpa_auth.c wpa_auth.h wpa_auth_ft.c wpa_auth_glue.c wpa_auth_i.h
0170,mtk: hostapd: fix complie warnings for hostapd_cli cmd ,USERSPACE-ONLY,not ported: merge conflict (hostapd/hostapd_cli.c),,,,,,conflict,conflict,hostapd_cli.c
0171,mtk: hostapd: FT: Add rrb frame support remove sta ,KERNEL-FEATURE,not ported: merge conflict (src/ap/wpa_auth.h src/ap/wpa_auth_ft.c),"0040,0054,0056","0085,0086",probable,FT over AP/STA MLD: mostly userspace; kernel-side MLD addr translation,,conflict,conflict,hostapd.h wpa_auth.c wpa_auth.h wpa_auth_ft.c wpa_auth_glue.c wpa_auth_i.h
0172,mtk: hostapd: avoid adding empty channel switch wrapper IE ,USERSPACE-ONLY,"ported (clean cherry-pick, builds)",,,,,,clean,ok,ieee802_11.c
0173,mtk: hostapd: avoid clearing vht 160 support during downgrading bw ,USERSPACE-ONLY,"ported (clean cherry-pick, builds)",,,,,,clean,ok,drv_callbacks.c
0174,mtk: hostapd: fix start_disabled ,USERSPACE-ONLY,not ported: merge conflict (src/ap/hostapd.c),,,,,,conflict,conflict,hostapd.c
0175,mtk: hostapd: fix wbcs values when pp is enabled ,KERNEL-FEATURE,"ported (clean cherry-pick, builds)",0069,"0050,0094",probable,preamble puncture / PP bitmap via PP_CTRL vendor + PP_BMP_UPDATE event,,conflict,ok,ieee802_11.c
0176,mtk: hostapd: fix compile error when TESTING_OPTION is not set ,USERSPACE-ONLY,not ported: merge conflict (src/ap/drv_callbacks.c src/ap/hostapd.c src/ap/hostapd.h),,,,,,conflict,conflict,drv_callbacks.c hostapd.c hostapd.h
0177,mtk: hostapd: Add RSNE in per-sta profile ,USERSPACE-ONLY,not ported: merge conflict (src/ap/ieee802_11.c src/ap/ieee802_11.h src/ap/ieee802_11_eht.c),,,,,,conflict,conflict,ieee802_11.c ieee802_11.h ieee802_11_eht.c
0178,mtk: wpa_s: Find partner links by BSSID and SSID ,KERNEL-FEATURE,not ported: merge conflict (wpa_supplicant/bss.c),"0038,0068,0073",,probable,wpa_supplicant MLO STA flows; kernel needs multi-link STA vif,,conflict,conflict,bss.c
0179,mtk: wpa_s: add driver operation to get interface's radio_mask ,KERNEL-FEATURE,not ported: merge conflict (src/drivers/driver.h src/drivers/driver_nl80211.c),"0038,0068,0073",,probable,wpa_supplicant MLO STA flows; kernel needs multi-link STA vif,,conflict,conflict,driver.h driver_i.h driver_nl80211.c
0180,mtk: hostapd: update DFS detection mode ,KERNEL-DIRECT,not ported: merge conflict (hostapd/config_file.c hostapd/ctrl_iface.c hostapd/hostapd_cli.c src/ap/ap_config.h src/ap/ap_drv_ops.c src/ap/ap_drv_ops.h src/common/mtk_vendor.h src/drivers/driver.h src/drivers/driver_nl80211.c src/drivers/driver_nl80211.h src/drivers/driver_nl80211_capa.c),0013,0053,direct,DFS_DETECT_MODE vendor (mt76 vendor.c); MTK vendor cmd (OUI 0x0ce7); needs mt76 mt7996 vendor.c,,conflict,conflict,ap_config.h ap_drv_ops.c ap_drv_ops.h config_file.c ctrl_iface.c driver.h driver_nl80211.c driver_nl80211.h
0181,mtk: hostapd: Add BSS Transition Candidate Preference subelement in BTM req and query resp ,USERSPACE-ONLY,not ported: merge conflict (src/ap/ctrl_iface_ap.c src/ap/neighbor_db.c),,,,,,conflict,conflict,ctrl_iface_ap.c neighbor_db.c
0182,mtk: hostapd: include vendor element in MBSSID nontransmitted BSSID profile ,KERNEL-FEATURE,dropped: broke aarch64 build (depends on a patch that did not port),"0021,0091,0097,0099,0101,0111",0088,probable,MBSSID non-TX BSS / ML probe handling,,clean,ok,beacon.c beacon.h ieee802_11.c
0183,mtk: hostapd: add disconnect counter for AP interface ,USERSPACE-ONLY,not ported: merge conflict (hostapd/ctrl_iface.c hostapd/hostapd_cli.c src/ap/hostapd.h),,,,,,conflict,conflict,ctrl_iface.c hostapd.c hostapd.h hostapd_cli.c ieee802_11.c
0184,mtk: hostapd: add support to get Adv-TTLM of a AP MLD by hostapd_cli ,KERNEL-DIRECT,not ported: merge conflict (hostapd/ctrl_iface.c hostapd/hostapd_cli.c),"0071,0073,0084,0085,0087",0073,direct,"A-TTLM/Neg-TTLM private nl80211 cmds (SET_ATTLM, ATTLM_EVENT, SET_STA_TTLM) + MTK mac80211 TTLM",,conflict,conflict,ctrl_iface.c hostapd_cli.c
0185,mtk: hostapd: support handle mtk_vendor element ,KERNEL-DIRECT,not ported: merge conflict (src/ap/apup.c src/ap/ieee802_11.c src/ap/sta_info.h src/common/ieee802_11_common.h src/common/mtk_vendor.h src/drivers/driver.h),"0105,0106",,direct,NL80211_ATTR_VENDOR_MTK_STA private id (185); MTK vendor IE in assoc,,conflict,conflict,ap_drv_ops.c ap_drv_ops.h apup.c driver.h driver_nl80211.c ieee802_11.c ieee802_11_common.c ieee802_11_common.h
0186,mtk: wpa_supplicant: support add mtk vendor element into asso req ,KERNEL-DIRECT,not ported: merge conflict (wpa_supplicant/config.c wpa_supplicant/config_ssid.h),"0105,0106",,direct,NL80211_ATTR_VENDOR_MTK_STA private id (185); MTK vendor IE in assoc,,conflict,conflict,config.c config_ssid.h ctrl_iface.c sme.c
0187,mtk: wpa_s: add support to disable Radio Resource Management (RRM) ,KERNEL-FEATURE,"ported (clean cherry-pick, builds)","0038,0068,0073",,probable,wpa_supplicant MLO STA flows; kernel needs multi-link STA vif,,clean,ok,config.c config.h config_file.c sme.c
0188,mtk: hostapd: increase csa count for radar triggered channel switch ,USERSPACE-ONLY,not ported: merge conflict (src/ap/dfs.c src/ap/drv_callbacks.c),,,,,,conflict,conflict,dfs.c drv_callbacks.c
0189,mtk: hostapd: fix cca & csa collision issue ,USERSPACE-ONLY,not ported: merge conflict (src/ap/hostapd.c),,,,,,conflict,conflict,hostapd.c
0190,mtk: hostapd: Deauth single-link or legacy STA when AP triggers Adv-TTLM ,KERNEL-DIRECT,not ported: merge conflict (src/ap/drv_callbacks.c src/ap/hostapd.h),"0071,0073,0084,0085,0087",0073,direct,"A-TTLM/Neg-TTLM private nl80211 cmds (SET_ATTLM, ATTLM_EVENT, SET_STA_TTLM) + MTK mac80211 TTLM",,conflict,conflict,drv_callbacks.c hostapd.c hostapd.h
0191,mtk: hostapd: add 11v + adv-TTLM support ,KERNEL-DIRECT,not ported: merge conflict (src/ap/beacon.c src/ap/hostapd.c src/ap/hostapd.h src/ap/ieee802_11.c),"0071,0073,0084,0085,0087",0073,direct,"A-TTLM/Neg-TTLM private nl80211 cmds (SET_ATTLM, ATTLM_EVENT, SET_STA_TTLM) + MTK mac80211 TTLM",,conflict,conflict,beacon.c hostapd.c hostapd.h ieee802_11.c
0192,mtk: hostapd: use assoc_sm's auth_alg when validating PMKSA ,USERSPACE-ONLY,"ported (clean cherry-pick, builds)",,,,,,clean,ok,wpa_auth_ie.c
0193,mtk: hostapd: add checks for csa/cca/attlm/reconfig flag before disabling mld ,USERSPACE-ONLY,not ported: merge conflict (src/ap/hostapd.c),,,,,,conflict,conflict,hostapd.c
0194,mtk: hostapd: fix acs + ht coex issue,USERSPACE-ONLY,"ported (clean cherry-pick, builds)",,,,,,conflict,ok,hostapd.c
0195,mtk: hostapd: fix debug log parameters order in ap_sta_disconnect_common() ,USERSPACE-ONLY,"ported (clean cherry-pick, builds)",,,,,,clean,ok,sta_info.c
0196,mtk: hostapd: free link STA for user triggering deauthentication ,USERSPACE-ONLY,"ported (clean cherry-pick, builds)",,,,,,clean,ok,ctrl_iface_ap.c sta_info.c sta_info.h
0197,mtk: hostapd: always do WPA initialization in hostapd_reload_bss() if hapd->conf->wpa is set ,USERSPACE-ONLY,"ported (clean cherry-pick, builds)",,,,,,clean,ok,hostapd.c
0198,mtk: hostapd: avoid deauthentication/disassociation requests to a non-existing STA ,USERSPACE-ONLY,"ported (clean cherry-pick, builds)",,,,,,conflict,ok,ctrl_iface_ap.c
0199,mtk: hostapd: properly assign sta to NULL in handle_auth() to prevent use-after-free issue ,USERSPACE-ONLY,not ported: merge conflict (src/ap/ieee802_11.c),,,,,,conflict,conflict,ieee802_11.c
0200,mtk: hostapd: add dfs channel state update cmd ,KERNEL-DIRECT,not ported: merge conflict (hostapd/ctrl_iface.c src/drivers/driver.h),0112,,direct,NL80211_ATTR_DFS_STATE_UPDATE private id,,conflict,conflict,ap_drv_ops.c ap_drv_ops.h ctrl_iface.c dfs.c driver.h driver_nl80211.c
0201,mtk: hostapd: make sure that hostapd_ml_get_assoc_sta() correctly returns ,USERSPACE-ONLY,dropped: broke aarch64 build (depends on a patch that did not port),,,,,,clean,ok,ieee802_11_shared.c
0202,mtk: hostapd: add new function ap_cleanup_sta() ,USERSPACE-ONLY,not ported: merge conflict (src/ap/sta_info.c src/ap/sta_info.h),,,,,,conflict,conflict,sta_info.c sta_info.h
0203,mtk: hostapd: use ap_celanup_sta() to safely cleanup STA when receive AUTH from associated STA ,USERSPACE-ONLY,not ported: merge conflict (src/ap/ieee802_11.c src/ap/sta_info.c src/ap/sta_info.h),,,,,,conflict,conflict,ieee802_11.c sta_info.c sta_info.h
0204,mtk: hostapd: properly call ap_sta_remove_link_sta() before ap_free_sta() ,USERSPACE-ONLY,dropped: broke aarch64 build (depends on a patch that did not port),,,,,,clean,ok,sta_info.c
0205,mtk: hostapd: replace callback is_mld_finished() with get_finished_radio_mask() ,OPENWRT-UCODE/UBUS,not ported: merge conflict (src/ap/ucode.c),,,,,,conflict,conflict,ucode.c
0206,mtk: hostapd: add MLD support for command STA-FIRST and STA-NEXT ,USERSPACE-ONLY,dropped: broke aarch64 build (depends on a patch that did not port),,,,,,clean,ok,ctrl_iface_ap.c
0207,mtk: hostapd: add support for broadcast TWT ,KERNEL-DIRECT,not ported: merge conflict (src/ap/hostapd.h src/drivers/driver_nl80211_event.c),"0114,0115,0116,0117,0119,0120,0121,0125,0126,0127,0129,0130,0132","0070,0078,0079",direct,"Broadcast-TWT private nl80211 cmds (ADD/DEL_BROADCAST_TWT, ATTR_BROADCAST_TWT_PARAMS)",,conflict,conflict,ap_drv_ops.h ctrl_iface.c driver.h driver_nl80211.c driver_nl80211_event.c hostapd.c hostapd.h hostapd_cli.c
0208,mtk: hostapd: add TWT IE for Broadcast TWT ,KERNEL-DIRECT,not ported: merge conflict (src/common/ieee802_11_defs.h),"0114,0115,0116,0117,0119,0120,0121,0125,0126,0127,0129,0130,0132","0070,0078,0079",direct,"Broadcast-TWT private nl80211 cmds (ADD/DEL_BROADCAST_TWT, ATTR_BROADCAST_TWT_PARAMS)",,conflict,conflict,beacon.c ieee802_11.c ieee802_11.h ieee802_11_defs.h ieee802_11_he.c
0209,mtk: hostapd: FT: Add first_sta_seen flag for roamed sta ,KERNEL-FEATURE,dropped: broke aarch64 build (depends on a patch that did not port),"0040,0054,0056","0085,0086",probable,FT over AP/STA MLD: mostly userspace; kernel-side MLD addr translation,,clean,ok,ieee802_11.c
0210,mtk: wpa_supplicant: Add wpa_sm cb functions for mlo ft roaming ,KERNEL-FEATURE,"ported (clean cherry-pick, builds)","0038,0068,0073",,probable,wpa_supplicant MLO STA flows; kernel needs multi-link STA vif,,clean,ok,wpa.h wpa_i.h wpas_glue.c
0211,mtk: wpa_supplicant: Add mlo ft roaming support ,KERNEL-FEATURE,dropped: broke aarch64 build (depends on a patch that did not port),"0038,0068,0073",,probable,wpa_supplicant MLO STA flows; kernel needs multi-link STA vif,,clean,ok,bss.c bss.h ctrl_iface.c wpa_ft.c
0212,mtk: wpa_supplicant: Add mlo ft calculate mic support ,KERNEL-FEATURE,not ported: merge conflict (src/rsn_supp/wpa_ft.c),"0038,0068,0073",,probable,wpa_supplicant MLO STA flows; kernel needs multi-link STA vif,,conflict,conflict,wpa_ft.c
0213,mtk: hostapd: rework mld started ,USERSPACE-ONLY,not ported: merge conflict (src/ap/hostapd.c),,,,,,conflict,conflict,hostapd.c
0214,"Revert ""Avoid set beacon operations when color change is in progress"" ",USERSPACE-ONLY,not ported: merge conflict (src/ap/beacon.c),,,,,,conflict,conflict,beacon.c
0215,tmp add back hostapd_is_mld_ap ,USERSPACE-ONLY,"ported (clean cherry-pick, builds)",,,,,,conflict,ok,ieee802_11.c ieee802_11.h
0216,mtk: hostapd: check for invalid mld_link_id in hostapd.conf ,USERSPACE-ONLY,not ported: merge conflict (src/ap/ap_config.c),,,,,,conflict,conflict,ap_config.c
0217,mtk: hostapd: add support to request PP bitmap to driver ,KERNEL-FEATURE,"ported (clean cherry-pick, builds)","0038,0068,0069,0073","0050,0094",probable,preamble puncture / PP bitmap via PP_CTRL vendor + PP_BMP_UPDATE event; wpa_supplicant MLO STA flows; kernel needs multi-link STA vif,,conflict,ok,driver.h driver_nl80211.c events.c wpa_supplicant_i.h
0218,mtk: hostapd: add MTK refactors for Extender ,OPENWRT-UCODE/UBUS,not ported: merge conflict (src/ap/ucode.c src/utils/ucode.c wpa_supplicant/ucode.c),,,,,,conflict,conflict,ucode.c
0219,Skip associating AP MLD's link on disallowed channel ,KERNEL-FEATURE,"ported (clean cherry-pick, builds)","0038,0068,0073",,probable,wpa_supplicant MLO STA flows; kernel needs multi-link STA vif,,clean,ok,sme.c
0220,mtk: wpa_s: add option to disable MLO ,KERNEL-FEATURE,not ported: merge conflict (wpa_supplicant/config.c wpa_supplicant/config.h wpa_supplicant/config_file.c),"0038,0068,0073",,probable,wpa_supplicant MLO STA flows; kernel needs multi-link STA vif,,conflict,conflict,config.c config.h config_file.c sme.c
0221,mtk: hostapd: add support to config setband_mask via ucode for STA interface ,OPENWRT-UCODE/UBUS,not ported: merge conflict (wpa_supplicant/ucode.c),,,,,,conflict,ok,ucode.c
0222,mtk: hostapd: reset sta_info after link removing ,KERNEL-FEATURE,not ported: merge conflict (src/ap/hostapd.c src/ap/sta_info.c src/ap/sta_info.h),0070,0072,probable,needs cfg80211 link-removal event (NL80211_CMD_LINKS_REMOVED),,conflict,conflict,hostapd.c sta_info.c sta_info.h
0223,mtk: hostapd: add link removal support for multiple AP MLDs ,KERNEL-FEATURE,not ported: merge conflict (src/ap/hostapd.c),0070,0072,probable,needs cfg80211 link-removal event (NL80211_CMD_LINKS_REMOVED),main already has LINK_REMOVE ctrl command / hostapd_link_remove(),conflict,conflict,hostapd.c ieee802_11_eht.c
0224,mtk: hostapd: move hostapd_interfaces_get_hapd to hostapd.c ,USERSPACE-ONLY,"ported (clean cherry-pick, builds)",,,,,,clean,ok,ctrl_iface.c hostapd.c hostapd.h
0225,mtk: hostapd: refactor hostapd_bss_alloc_link_id() ,KERNEL-FEATURE,not ported: merge conflict (src/ap/hostapd.c),0070,0072,probable,AP-MLD link add at runtime: verify against mt7996 MLO reconfig,,conflict,conflict,hostapd.c hostapd.h
0226,mtk: hostapd: refactor link-add operation to support single link addition ,KERNEL-FEATURE,not ported: merge conflict (hostapd/ctrl_iface.c src/ap/hostapd.c),0070,0072,probable,AP-MLD link add at runtime: verify against mt7996 MLO reconfig,main already has hostapd_drv_link_add() / MLD link add primitives,conflict,conflict,ctrl_iface.c hostapd.c
0227,mtk: hostapd: FT: Add support for non-tx bss roaming ,KERNEL-FEATURE,not ported: merge conflict (src/ap/ieee802_11.c src/ap/wpa_auth_ft.c),"0040,0054,0056","0085,0086",probable,FT over AP/STA MLD: mostly userspace; kernel-side MLD addr translation,,conflict,conflict,ieee802_11.c wpa_auth_ft.c
0228,mtk: hostapd: add def_link_map and link_map_size in struct ieee80211_neg_ttlm ,KERNEL-DIRECT,not ported: merge conflict (src/ap/ieee802_11_eht.c),"0071,0073,0084,0085,0087",0073,direct,"A-TTLM/Neg-TTLM private nl80211 cmds (SET_ATTLM, ATTLM_EVENT, SET_STA_TTLM) + MTK mac80211 TTLM",,conflict,conflict,ieee802_11_defs.h ieee802_11_eht.c
0229,mtk: hostapd: add support to send TTLM request and handle TTLM response ,KERNEL-DIRECT,not ported: merge conflict (src/ap/hostapd.h src/ap/ieee802_11.h src/ap/ieee802_11_eht.c),"0071,0073,0084,0085,0087",0073,direct,"A-TTLM/Neg-TTLM private nl80211 cmds (SET_ATTLM, ATTLM_EVENT, SET_STA_TTLM) + MTK mac80211 TTLM",,conflict,conflict,hostapd.c hostapd.h ieee802_11.h ieee802_11_defs.h ieee802_11_eht.c
0230,mtk: hostapd: Align QCA's prpl hostapd Neg-TTLM commands format ,KERNEL-DIRECT,not ported: merge conflict (hostapd/ctrl_iface.c hostapd/hostapd_cli.c),"0071,0073,0084,0085,0087",0073,direct,"A-TTLM/Neg-TTLM private nl80211 cmds (SET_ATTLM, ATTLM_EVENT, SET_STA_TTLM) + MTK mac80211 TTLM",,conflict,conflict,ctrl_iface.c hostapd_cli.c
0231,mtk: hostapd: align QCA's prpl Adv-TTLM command format ,KERNEL-DIRECT,not ported: merge conflict (hostapd/ctrl_iface.c hostapd/hostapd_cli.c),"0071,0073,0084,0085,0087",0073,direct,"A-TTLM/Neg-TTLM private nl80211 cmds (SET_ATTLM, ATTLM_EVENT, SET_STA_TTLM) + MTK mac80211 TTLM",,conflict,conflict,ctrl_iface.c hostapd_cli.c
0232,mtk: hostapd: disallow removing link from a MBSSID group. ,USERSPACE-ONLY,not ported: merge conflict (hostapd/ctrl_iface.c),,,,,main already has LINK_REMOVE ctrl command / hostapd_link_remove(),conflict,conflict,ctrl_iface.c
0233,mtk: hostapd: align QCA's prpl link add command format ,KERNEL-FEATURE,not ported: merge conflict (hostapd/hostapd_cli.c),0070,0072,probable,AP-MLD link add at runtime: verify against mt7996 MLO reconfig,main already has hostapd_drv_link_add() / MLD link add primitives,conflict,conflict,hostapd_cli.c
0234,mtk: wpa_s: skip the link on unused radio when setting MLO links ,KERNEL-FEATURE,not ported: merge conflict (wpa_supplicant/wpa_supplicant.c wpa_supplicant/wpa_supplicant_i.h),"0038,0068,0073",,probable,wpa_supplicant MLO STA flows; kernel needs multi-link STA vif,,conflict,conflict,sme.c wpa_supplicant.c wpa_supplicant_i.h
0235,"mtk: fix ""hostapd: Update hostapd_is_usable_chans for {160,320}MHz chan width"" ",AFC-UPSTREAMED,excluded by design (AFC-UPSTREAMED),,,,,"superseded: main has upstream AFC (daemon, client, TPE, JSON double, ctrl cmds, hwsim tests) by the same contributors",conflict,conflict,hw_features.c
0236,mtk: hostapd: provide information for kernel 6.6 ucode use ,OPENWRT-UCODE/UBUS,not ported: merge conflict (wpa_supplicant/ucode.c),,,,,,conflict,conflict,ucode.c
0237,mtk: hostapd: add support for emlsr enablement on one link ,KERNEL-FEATURE,not ported: merge conflict (hostapd/config_file.c hostapd/hostapd.conf src/ap/ap_config.h src/ap/hostapd.c src/ap/hostapd.h src/ap/ieee802_11_eht.c),"0124,0134,0135",0077,probable,EMLSR/EML caps; MTK vendor + mac80211 eml params,,conflict,conflict,ap_config.h ap_drv_ops.c config_file.c driver.h driver_i.h driver_nl80211.c driver_nl80211.h driver_nl80211_capa.c
0238,mtk: hostapd: do not check ACL for link addrss ,USERSPACE-ONLY,"ported (clean cherry-pick, builds)",,,,,,clean,ok,ieee802_11.c
0239,mtk: hostapd: add support for unifying BTWT/RTWT event handling ,KERNEL-DIRECT,not ported: merge conflict (hostapd/ctrl_iface.c src/ap/ieee802_11_he.c src/common/ieee802_11_defs.h src/drivers/driver.h src/drivers/driver_nl80211.c),"0114,0115,0116,0117,0119,0120,0121,0125,0126,0127,0129,0130,0132","0070,0078,0079",direct,"Broadcast-TWT private nl80211 cmds (ADD/DEL_BROADCAST_TWT, ATTR_BROADCAST_TWT_PARAMS)",,conflict,conflict,ctrl_iface.c driver.h driver_nl80211.c driver_nl80211_event.c drv_callbacks.c hostapd.c ieee802_11_defs.h ieee802_11_he.c
0240,mtk: hostapd: add secondary channel offset element support ,USERSPACE-ONLY,not ported: merge conflict (src/ap/beacon.c),,,,,,conflict,conflict,beacon.c
0241,mtk: hostapd: do not check ACL when handling probe request ,USERSPACE-ONLY,"ported (clean cherry-pick, builds)",,,,,,clean,ok,beacon.c
0242,mtk: wpa_s: ucode: retrieve 'freq' and 'sec_chan' from dirver instead of wpa_s->current_bss ,OPENWRT-UCODE/UBUS,not ported: merge conflict (wpa_supplicant/ucode.c),,,,,,conflict,conflict,ucode.c
0243,mtk: hostapd: add configuration disable_robust_av_scs to control scs feature ,KERNEL-FEATURE,not ported: merge conflict (hostapd/config_file.c src/ap/ap_config.h src/ap/hostapd.c src/ap/hostapd.h src/ap/ieee802_11.h src/ap/ieee802_11_eht.c src/ap/ieee802_11_shared.c src/ap/scs.c),"0072,0088",,probable,MSCS: separate MTK QoS-management kernel module + mscs daemon via private netlink (not mac80211/mt76),,conflict,conflict,ap_config.h config_file.c hostapd.c hostapd.conf hostapd.h ieee802_11.h ieee802_11_eht.c ieee802_11_shared.c
0244,mtk: hostapd: add 'allocated_links' to track allocated link on an AP MLD ,KERNEL-FEATURE,not ported: merge conflict (src/ap/hostapd.c src/ap/hostapd.h),0070,0072,probable,AP-MLD link add at runtime: verify against mt7996 MLO reconfig,,conflict,conflict,hostapd.c hostapd.h
0245,mtk: hostapd: support link-specific add_btwt/del_btwt via link_id ,KERNEL-DIRECT,not ported: merge conflict (src/ap/ap_drv_ops.h src/drivers/driver.h src/drivers/driver_nl80211.c),"0114,0115,0116,0117,0119,0120,0121,0125,0126,0127,0129,0130,0132","0070,0078,0079",direct,"Broadcast-TWT private nl80211 cmds (ADD/DEL_BROADCAST_TWT, ATTR_BROADCAST_TWT_PARAMS)",,conflict,conflict,ap_drv_ops.h driver.h driver_nl80211.c
0246,mtk: hostapd: fix build failure for Wi-Fi 6 kernel 6.12 codebase ,KERNEL-FEATURE,not ported: merge conflict (hostapd/config_file.c hostapd/ctrl_iface.c src/ap/ap_drv_ops.c src/ap/ap_drv_ops.h src/ap/beacon.c src/ap/beacon.h src/ap/dfs.c src/ap/drv_callbacks.c src/ap/hostapd.c src/ap/hostapd.h src/ap/ieee802_11.c src/ap/ieee802_11.h src/ap/sta_info.c src/ap/ucode.c src/ap/wmm.c src/ap/wpa_auth_ft.c src/ap/wpa_auth_glue.c src/drivers/driver_nl80211.c),,,probable,adds CONFIG_IEEE80211BE guards (non-EHT / Wi-Fi 6 builds); userspace only,,conflict,conflict,ap_drv_ops.c ap_drv_ops.h beacon.c beacon.h config_file.c ctrl_iface.c dfs.c driver_nl80211.c
0247,mtk: hostapd: fix 2/5 GHz link start failed while enable unsol_bcast_probe_resp ,USERSPACE-ONLY,"ported (clean cherry-pick, builds)",,,,,,clean,ok,driver_nl80211.c
0248,mtk: hostapd: add csa/cca sanity check before disable bss ,USERSPACE-ONLY,not ported: merge conflict (hostapd/ctrl_iface.c),,,,,,conflict,conflict,ctrl_iface.c
0249,mtk: hostapd: fix dfs issue for using the same channel for both bkg and main radio ,KERNEL-FEATURE,"ported (clean cherry-pick, builds)","0025,0026,0030","0019,0053,0056,0103",probable,background radar / ZWDFS (vendor BACKGROUND_RADAR_CTRL),,conflict,ok,dfs.c
0250,mtk: wpa_supplicant: fix failure to enable STA interface ,KERNEL-FEATURE,not ported: merge conflict (wpa_supplicant/wpa_supplicant.c),"0038,0068,0073",,probable,wpa_supplicant MLO STA flows; kernel needs multi-link STA vif,,conflict,conflict,wpa_supplicant.c
0251,mtk: hostapd: add hostapd config he_bcast_twt_disabled and eht_restricted_twt_disabled ,KERNEL-DIRECT,not ported: merge conflict (hostapd/config_file.c src/ap/ap_config.h src/ap/hostapd.c src/ap/hostapd.h src/ap/ieee802_11.h src/ap/ieee802_11_eht.c src/ap/ieee802_11_shared.c),"0114,0115,0116,0117,0119,0120,0121,0125,0126,0127,0129,0130,0132","0070,0078,0079",direct,"Broadcast-TWT private nl80211 cmds (ADD/DEL_BROADCAST_TWT, ATTR_BROADCAST_TWT_PARAMS)",,conflict,conflict,ap_config.h config_file.c hostapd.c hostapd.conf hostapd.h ieee802_11.h ieee802_11_defs.h ieee802_11_eht.c
0252,mtk: hostapd: Add afc info and send request command ,AFC-UPSTREAMED,excluded by design (AFC-UPSTREAMED),,,,,"superseded: main has upstream AFC (daemon, client, TPE, JSON double, ctrl cmds, hwsim tests) by the same contributors",conflict,conflict,afc.c ctrl_iface.c hostapd.h hostapd_cli.c
0253,mtk: hostapd: fix the potential memory leak for muru_config ,USERSPACE-ONLY,not ported: merge conflict (src/ap/ap_config.c),,,,,,conflict,conflict,ap_config.c
0254,mtk: hostapd: always do ML probe request before authentication ,USERSPACE-ONLY,"ported (clean cherry-pick, builds)",,,,,,clean,ok,events.c
0255,mtk: hostapd: support setting singlesku file path ,KERNEL-DIRECT,not ported: merge conflict (hostapd/config_file.c src/ap/ap_config.c src/ap/ap_config.h src/ap/ap_drv_ops.c src/common/mtk_vendor.h src/drivers/driver.h src/drivers/driver_nl80211.c),0113,"0058,0059,0087",direct,txpower / AFC-LPI / singlesku: vendor TXPOWER_CTRL + mt76 power tables,,conflict,conflict,ap_config.c ap_config.h ap_drv_ops.c config_file.c driver.h driver_nl80211.c mtk_vendor.h
0256,mtk: hostapd: rename json_type ,AFC-UPSTREAMED,excluded by design (AFC-UPSTREAMED),,,,,"superseded: main has upstream AFC (daemon, client, TPE, JSON double, ctrl cmds, hwsim tests) by the same contributors",clean,ok,json.c json.h
0257,JSON: Add double type support ,AFC-UPSTREAMED,excluded by design (AFC-UPSTREAMED),,,,,"superseded: main has upstream AFC (daemon, client, TPE, JSON double, ctrl cmds, hwsim tests) by the same contributors",conflict,conflict,json.c json.h
0258,hostapd: Expand hostapd_cli can ctrl_iface buffer size ,AFC-UPSTREAMED,excluded by design (AFC-UPSTREAMED),,,,,"superseded: main has upstream AFC (daemon, client, TPE, JSON double, ctrl cmds, hwsim tests) by the same contributors",clean,ok,ctrl_iface.c hostapd_cli.c
0259,tests: Add AFC hwsim tests ,AFC-UPSTREAMED,excluded by design (AFC-UPSTREAMED),,,,,"superseded: main has upstream AFC (daemon, client, TPE, JSON double, ctrl cmds, hwsim tests) by the same contributors",conflict,conflict,test_afc.py
0260,mtk: hostapd: Add AFC EVENT ,AFC-UPSTREAMED,excluded by design (AFC-UPSTREAMED),,,,,"superseded: main has upstream AFC (daemon, client, TPE, JSON double, ctrl cmds, hwsim tests) by the same contributors",conflict,conflict,afc.c hostapd.c wpa_ctrl.h
0261,mtk: hostapd: fix uninitialized channel in background radar ,KERNEL-FEATURE,"ported (clean cherry-pick, builds)","0025,0026,0030","0019,0053,0056,0103",probable,background radar / ZWDFS (vendor BACKGROUND_RADAR_CTRL),,clean,ok,dfs.c
0262,mtk: hostapd: fix DFS bootup radar detection issues ,KERNEL-FEATURE,not ported: merge conflict (src/ap/ap_drv_ops.c src/ap/ap_drv_ops.h),"0025,0026,0030","0019,0053,0056,0103",probable,background radar / ZWDFS (vendor BACKGROUND_RADAR_CTRL),,conflict,conflict,ap_drv_ops.c ap_drv_ops.h dfs.c driver.h driver_nl80211.c
0263,mtk: hostapd: parse and use link_id from lower layer in TxS handling ,USERSPACE-ONLY,"ported (clean cherry-pick, builds)",,,,,,clean,ok,driver_nl80211_event.c
0264,mtk: hostapd: always carry MBSSID IE to fix CSA issue of non-TX BSS,KERNEL-FEATURE,"ported (clean cherry-pick, builds)","0021,0091,0097,0099,0101,0111",0088,probable,MBSSID non-TX BSS / ML probe handling,,clean,ok,driver_nl80211.c
0265,mtk: hostapd: fix background primary channel backup issue ,KERNEL-FEATURE,not ported: merge conflict (src/ap/dfs.c),"0025,0026,0030","0019,0053,0056,0103",probable,background radar / ZWDFS (vendor BACKGROUND_RADAR_CTRL),,conflict,conflict,dfs.c
0266,mtk: hostapd: fix out-of-bounds read in hostapd_handle_mscs_req() ,KERNEL-FEATURE,not ported: merge conflict (src/ap/scs.c),"0072,0088",,probable,MSCS: separate MTK QoS-management kernel module + mscs daemon via private netlink (not mac80211/mt76),,conflict,conflict,scs.c
0267,mtk: hostapd: fix neighbor report buffer overflow in hostapd_neighbor_insert_buffer() ,USERSPACE-ONLY,not ported: merge conflict (src/ap/gas_serv.c src/ap/neighbor_db.c src/ap/neighbor_db.h src/ap/wnm_ap.c),,,,,,conflict,conflict,gas_serv.c neighbor_db.c neighbor_db.h wnm_ap.c
0268,mtk: hostapd: fix heap buffer overflow in hostapd_parse_argument_helper() ,USERSPACE-ONLY,not ported: merge conflict (hostapd/ctrl_iface.c),,,,,,conflict,conflict,ctrl_iface.c
0269,mtk: hostapd: fix out-of-bounds access in SCS Request handling ,KERNEL-FEATURE,not ported: merge conflict (src/ap/scs.c src/drivers/driver.h),"0072,0088",,probable,MSCS: separate MTK QoS-management kernel module + mscs daemon via private netlink (not mac80211/mt76),,conflict,conflict,driver.h scs.c
0270,mtk: hostapd: Fix every link will calculate mlo FT mic ,KERNEL-FEATURE,dropped: broke aarch64 build (depends on a patch that did not port),"0040,0054,0056","0085,0086",probable,FT over AP/STA MLD: mostly userspace; kernel-side MLD addr translation,,clean,ok,ieee802_11.c
0271,mtk: hostapd: FT: Fix non-mld FTO roaming failed between mld FTR ,KERNEL-FEATURE,"ported (clean cherry-pick, builds)","0040,0054,0056","0085,0086",probable,FT over AP/STA MLD: mostly userspace; kernel-side MLD addr translation,,clean,ok,wpa_auth_ft.c
0272,mtk: hostapd: Fix incorrect RSNXE used bit in FTE ,KERNEL-FEATURE,not ported: merge conflict (src/ap/wpa_auth.h src/ap/wpa_auth_ft.c src/ap/wpa_auth_glue.c),"0040,0054,0056","0085,0086",probable,FT over AP/STA MLD: mostly userspace; kernel-side MLD addr translation,,conflict,conflict,wpa_auth.h wpa_auth_ft.c wpa_auth_glue.c
0273,mtk: hostapd: FT: Fix MIC calculation mlo data location ,KERNEL-FEATURE,not ported: merge conflict (src/common/wpa_common.c),"0040,0054,0056","0085,0086",probable,FT over AP/STA MLD: mostly userspace; kernel-side MLD addr translation,,conflict,conflict,wpa_common.c
0274,mtk: hostapd: fix neg-TTLM unset issue ,KERNEL-DIRECT,not ported: merge conflict (src/ap/ieee802_11_eht.c),"0071,0073,0084,0085,0087",0073,direct,"A-TTLM/Neg-TTLM private nl80211 cmds (SET_ATTLM, ATTLM_EVENT, SET_STA_TTLM) + MTK mac80211 TTLM",,conflict,conflict,ieee802_11_eht.c
0275,mtk: hostapd: prevent ACS from selecting a 2G channel secondary channel as the control channel ,USERSPACE-ONLY,"ported (clean cherry-pick, builds)",,,,,,clean,ok,acs.c
0276,mtk: hostapd: detect missing for ATTLM input parameters ,KERNEL-DIRECT,not ported: merge conflict (hostapd/ctrl_iface.c),"0071,0073,0084,0085,0087",0073,direct,"A-TTLM/Neg-TTLM private nl80211 cmds (SET_ATTLM, ATTLM_EVENT, SET_STA_TTLM) + MTK mac80211 TTLM",,conflict,conflict,ctrl_iface.c
0277,mtk: hostapd: WPS: fix dualband detection by recomputing at PBC activation time ,USERSPACE-ONLY,not ported: merge conflict (src/ap/wps_hostapd.c),,,,,,conflict,conflict,wps.h wps_hostapd.c wps_registrar.c
0278,mtk: hostapd: fix ML probe response to non-TX BSS ,KERNEL-FEATURE,"ported (clean cherry-pick, builds)","0021,0091,0097,0099,0101,0111",0088,probable,MBSSID non-TX BSS / ML probe handling,,clean,ok,beacon.c
0279,mtk: hostapd: fix null checks and error propagation in hostapd_remove_mld() ,USERSPACE-ONLY,"ported (clean cherry-pick, builds)",,,,,,conflict,ok,hostapd.c
0280,mtk: hostapd: fix ieee802_11_rx_neg_ttlm_req robustness issues ,KERNEL-DIRECT,not ported: merge conflict (src/ap/ieee802_11_eht.c),"0071,0073,0084,0085,0087",0073,direct,"A-TTLM/Neg-TTLM private nl80211 cmds (SET_ATTLM, ATTLM_EVENT, SET_STA_TTLM) + MTK mac80211 TTLM",,conflict,conflict,ieee802_11_eht.c
0281,"mtk: hostapd: fix ""buf"" not freed in ieee802_11_send_neg_ttlm_teardown() ",KERNEL-DIRECT,not ported: merge conflict (src/ap/ieee802_11_eht.c),"0071,0073,0084,0085,0087",0073,direct,"A-TTLM/Neg-TTLM private nl80211 cmds (SET_ATTLM, ATTLM_EVENT, SET_STA_TTLM) + MTK mac80211 TTLM",,conflict,conflict,ieee802_11_eht.c
0282,mtk: hostapd: fix robustness issues in mlme_event_attlm() ,KERNEL-DIRECT,not ported: merge conflict (src/drivers/driver_nl80211_event.c),"0071,0073,0084,0085,0087",0073,direct,"A-TTLM/Neg-TTLM private nl80211 cmds (SET_ATTLM, ATTLM_EVENT, SET_STA_TTLM) + MTK mac80211 TTLM",,conflict,conflict,driver_nl80211_event.c
0283,mtk: hostapd: prevent wpas_ml_connect_pref() from returning NULL ,KERNEL-FEATURE,"ported (clean cherry-pick, builds)","0038,0068,0073",,probable,wpa_supplicant MLO STA flows; kernel needs multi-link STA vif,,clean,ok,sme.c
0284,mtk: hostapd: fix missing msg free in nl80211_get_aval_color_bmp() ,KERNEL-DIRECT,not ported: merge conflict (src/drivers/driver_nl80211.c),,0053,direct,MTK vendor cmd (OUI 0x0ce7); needs mt76 mt7996 vendor.c,,conflict,conflict,driver_nl80211.c
0285,mtk: hostapd: change the parameter of wpas_ctrl_iface_neg_ttlm_setup ,KERNEL-FEATURE,"ported (clean cherry-pick, builds)","0038,0068,0073",,probable,wpa_supplicant MLO STA flows; kernel needs multi-link STA vif,,conflict,ok,ctrl_iface.c
0286,mtk: hostapd: fix potential NULL pointer access in hostapd_mld_add_link() ,USERSPACE-ONLY,dropped: broke aarch64 build (depends on a patch that did not port),,,,,,conflict,ok,hostapd.c
0287,mtk: hostapd: AP MLD: reject AP neg-TTLM requests with def_link_map set to 1 ,KERNEL-DIRECT,not ported: merge conflict (hostapd/ctrl_iface.c src/ap/ieee802_11_eht.c),"0071,0073,0084,0085,0087",0073,direct,"A-TTLM/Neg-TTLM private nl80211 cmds (SET_ATTLM, ATTLM_EVENT, SET_STA_TTLM) + MTK mac80211 TTLM",,conflict,conflict,ctrl_iface.c ieee802_11_eht.c
0288,mtk: hostapd: AP MLD: refactor STA neg_ttlm.valid usage ,KERNEL-DIRECT,not ported: merge conflict (src/ap/ieee802_11_eht.c),"0071,0073,0084,0085,0087",0073,direct,"A-TTLM/Neg-TTLM private nl80211 cmds (SET_ATTLM, ATTLM_EVENT, SET_STA_TTLM) + MTK mac80211 TTLM",,conflict,conflict,ieee802_11_eht.c
0289,mtk: hostapd: add valid_link in sta_info's mld_info ,USERSPACE-ONLY,not ported: merge conflict (src/ap/ieee802_11.c src/ap/sta_info.c src/ap/sta_info.h),,,,,,conflict,conflict,ieee802_11.c ieee802_11_eht.c sta_info.c sta_info.h
